12.10.20 12:52 PM;Prices - EPEX Spot Market Auction - Germany/Luxembourg;;;;;;;;;;;;;;;;;;;;;;;;;;;;;;;;;;;;;;;;;;;;
Delivery day;Hour1;Hour2;Hour3A;Hour3B;Hour4;Hour5;Hour6;Hour7;Hour8;Hour9;Hour10;Hour11;Hour12;Hour13;Hour14;Hour15;Hour16;Hour17;Hour18;Hour19;Hour20;Hour21;Hour22;Hour23;Hour24;Minimum;Maximum;Volume Weighted Average;"Middle Night
(01-04)";"Early Morning
(05-08)";"Late Morning
(09-12)";"Early Afternoon
(13-16)";"Rush Hour
(17-20)";"Off-Peak 2
(21-24)";"Baseload
(01-24)";"Peakload
(09-20)";"Night
(01-06)";"Off-Peak 1
(01-08)";"Business
(09-16)";"Off-Peak
(01-08 & 21-24)";"Morning
(07-10)";"High Noon
(11-14)";"Afternoon
(15-18)";"Evening
(19-24)";"Sun Peak
(11-16)"
13.10.2020;35,24;32,17;32,21;;31,34;32,30;36,39;48,61;57,80;70,37;63,95;54,71;51,34;46,62;43,65;42,64;43,20;45,84;50,70;55,92;59,52;45,14;39,45;36,17;30,26;30,26;70,37;45,87;32,74;43,78;60,09;44,03;53,00;37,76;45,23;52,37;33,28;38,26;52,06;38,09;60,18;49,08;45,60;44,41;47,03
12.10.2020;31,47;29,00;29,60;;28,91;28,72;29,55;44,70;54,28;61,44;59,62;55,05;52,40;49,15;46,90;46,13;46,62;46,13;54,00;65,31;78,68;56,46;48,12;45,05;38,37;28,72;78,68;48,03;29,75;39,31;57,13;47,20;61,03;47,00;46,90;55,12;29,54;34,53;52,16;38,69;55,01;50,88;48,22;55,33;49,38
11.10.2020;27,87;26,20;27,74;;25,75;25,49;26,09;26,78;28,61;29,13;32,03;31,52;33,67;33,41;30,00;27,77;28,02;29,58;32,75;42,95;49,08;44,91;41,44;38,00;33,63;25,49;49,08;32,13;26,89;26,74;31,59;29,80;38,59;39,50;32,18;33,33;26,52;26,82;30,69;31,04;29,14;32,15;29,53;41,67;30,73
10.10.2020;37,12;32,28;31,66;;29,20;28,37;27,75;28,37;31,66;36,35;38,33;30,07;30,75;28,85;27,85;28,02;27,41;28,56;31,18;39,89;42,23;32,78;28,65;27,07;25,18;25,18;42,23;31,18;32,57;29,04;33,88;28,03;35,47;28,42;31,23;32,46;31,06;30,80;30,95;30,01;33,68;29,38;28,79;32,63;28,83
09.10.2020;10,86;23,01;25,99;;27,71;29,70;32,52;44,07;52,61;62,44;58,03;51,10;47,90;43,40;38,91;37,76;38,64;40,00;43,63;45,92;51,29;45,37;37,72;37,18;33,54;10,86;62,44;40,52;21,89;39,73;54,87;39,68;45,21;38,45;39,97;46,59;24,97;30,81;47,27;33,36;54,29;45,33;40,01;41,84;42,95
08.10.2020;25,72;25,56;24,56;;23,96;22,02;26,80;37,72;47,98;50,75;46,94;38,84;32,73;32,89;29,19;27,77;25,69;27,57;28,49;29,48;32,27;25,77;22,87;19,51;10,90;10,90;50,75;29,84;24,95;33,63;42,32;28,89;29,45;19,76;29,83;33,55;24,77;29,29;35,60;26,11;45,85;33,41;27,38;23,47;31,19
07.10.2020;30,28;26,79;25,63;;18,58;19,01;28,52;37,32;47,06;51,54;49,52;46,75;44,85;41,35;38,40;34,92;34,07;35,37;40,03;46,01;45,91;43,05;33,03;31,91;29,05;18,58;51,54;36,86;25,32;32,98;48,17;37,19;41,83;34,26;36,62;42,39;24,80;29,15;42,68;30,85;46,36;42,84;36,10;38,16;40,06
06.10.2020;28,97;26,17;19,01;;10,74;14,90;26,64;33,10;44,08;46,75;44,05;37,73;36,28;33,62;36,08;34,88;34,91;36,37;41,07;44,92;49,35;43,27;36,26;36,03;31,65;10,74;49,35;34,56;21,22;29,68;41,20;34,87;42,93;36,80;34,45;39,67;21,07;25,45;38,04;29,24;42,00;35,93;36,81;40,25;35,58
05.10.2020;19,81;11,88;6,00;;6,23;7,82;20,00;35,07;44,41;47,02;46,49;41,60;38,54;33,29;32,36;33,33;33,23;34,07;41,44;49,07;53,96;42,54;35,52;30,02;26,51;6,00;53,96;32,13;10,98;26,83;43,41;33,05;44,64;33,65;32,09;40,37;11,96;18,90;38,23;23,82;43,25;36,45;35,52;39,60;35,39
04.10.2020;26,77;17,75;14,44;;7,58;2,14;1,76;1,60;1,56;2,52;-0,09;-0,98;-9,96;-39,90;-54,97;-45,30;-2,08;0,04;29,00;38,50;46,61;41,23;32,99;31,25;28,06;-54,97;46,61;3,56;16,64;1,77;-2,13;-35,56;28,54;33,38;7,11;-3,05;11,74;9,20;-18,85;17,26;1,40;-26,45;-4,59;36,44;-25,53
03.10.2020;0,07;0,12;-5,29;;-5,73;-0,37;0,09;-0,06;0,09;11,58;20,31;16,65;23,62;25,23;6,65;2,75;13,13;25,94;33,02;39,64;48,92;39,72;34,33;33,27;31,25;-5,73;48,92;16,00;-2,71;-0,06;18,04;11,94;36,88;34,64;16,46;22,29;-1,85;-1,39;14,99;10,62;7,98;18,04;18,71;37,86;14,67
02.10.2020;32,09;32,90;32,88;;32,90;34,71;37,00;48,00;50,95;54,28;53,10;49,21;46,95;40,02;35,28;33,41;33,26;34,59;34,71;34,36;44,59;29,03;17,36;14,56;0,11;0,11;54,28;36,29;32,69;42,67;50,89;35,49;37,06;15,27;35,68;41,15;33,75;37,68;43,19;30,21;51,58;42,87;33,99;23,34;39,69
01.10.2020;34,40;34,00;31,18;;29,75;31,10;34,04;43,58;52,25;55,05;51,13;48,68;40,28;33,70;32,92;34,66;36,77;40,46;49,55;52,59;53,18;49,82;41,00;38,39;35,90;29,75;55,05;41,21;32,33;40,24;48,79;34,51;48,95;41,28;41,02;44,08;32,41;36,29;41,65;37,95;50,50;38,90;40,36;45,15;37,84
30.09.2020;41,70;41,78;39,90;;37,95;37,79;41,89;51,32;62,37;72,80;65,76;55,16;52,29;49,17;47,40;45,04;45,19;48,94;53,98;60,14;72,43;55,34;49,92;42,79;35,02;35,02;72,80;51,13;40,33;48,34;61,50;46,70;58,87;45,77;50,25;55,69;40,17;44,34;54,10;44,81;63,06;51,01;48,29;52,61;49,04
29.09.2020;37,85;37,43;36,85;;34,79;36,48;39,51;51,58;67,87;84,65;76,00;69,40;66,62;59,37;54,25;52,24;53,00;56,95;62,43;73,69;128,31;73,14;57,50;51,57;45,36;34,79;128,31;60,34;36,73;48,86;74,17;54,72;80,35;56,89;58,62;69,74;37,15;42,80;64,44;47,49;70,03;62,41;56,16;71,60;59,15
28.09.2020;33,30;30,82;29,50;;28,60;28,72;30,89;47,04;55,64;59,31;56,54;53,00;51,72;49,16;48,00;46,00;47,04;48,46;52,93;61,14;80,03;58,00;52,24;46,16;40,01;28,60;80,03;48,15;30,56;40,57;55,14;47,55;60,64;49,10;47,26;54,44;30,31;35,56;51,35;40,08;54,63;50,47;48,61;56,26;49,15
27.09.2020;0,75;19,92;17,99;;12,25;12,00;14,39;17,86;21,70;27,11;32,00;32,99;34,26;35,80;32,40;31,99;32,01;33,32;37,63;46,23;51,95;50,00;46,48;41,76;37,84;0,75;51,95;29,67;12,73;16,49;31,59;33,05;42,28;44,02;30,03;35,64;12,88;14,61;32,32;24,41;24,67;33,86;33,74;45,71;33,24
26.09.2020;34,01;30,71;28,03;;26,39;25,94;27,17;28,97;31,98;36,72;41,22;39,40;38,13;34,08;32,03;28,90;27,92;29,18;33,95;39,49;45,49;41,25;34,08;31,76;28,34;25,94;45,49;33,16;29,79;28,52;38,87;30,73;37,03;33,86;33,13;35,54;28,71;29,15;34,80;30,72;34,72;35,91;29,99;36,74;33,41
25.09.2020;33,34;31,92;29,03;;27,20;28,26;30,10;41,74;51,93;56,48;52,95;48,17;47,27;46,23;41,07;35,76;34,43;35,10;45,72;50,94;53,10;51,21;46,03;39,82;35,12;27,20;56,48;41,60;30,37;38,01;51,22;39,37;46,22;43,05;41,37;45,60;29,98;34,19;45,30;37,14;50,78;45,69;37,75;46,04;42,16
24.09.2020;29,95;28,44;26,47;;22,26;19,08;26,55;39,18;49,97;51,46;36,45;33,01;29,84;31,35;31,42;35,79;37,43;39,76;46,84;53,93;67,57;54,94;47,63;42,01;35,09;19,08;67,57;38,44;26,78;33,70;37,69;34,00;52,03;44,92;38,18;41,24;25,46;30,24;35,84;35,13;44,27;31,41;39,96;50,20;33,14
23.09.2020;43,51;41,08;39,71;;38,45;37,12;39,52;51,92;53,21;58,32;52,56;48,94;48,92;43,94;41,33;43,58;43,46;42,18;54,93;56,43;60,80;53,01;49,89;39,02;32,45;32,45;60,80;46,98;40,69;45,44;52,19;43,08;53,59;43,59;46,43;49,62;39,90;43,07;47,63;43,24;54,00;45,78;46,04;48,60;45,03
22.09.2020;42,93;43,17;42,05;;40,61;41,03;44,16;52,97;72,89;73,09;61,85;52,05;48,02;44,95;43,26;42,71;48,32;53,93;58,92;70,00;86,40;70,00;55,47;50,19;40,55;40,55;86,40;53,89;42,19;52,76;58,75;44,81;67,31;54,05;53,31;56,96;42,33;47,48;51,78;49,67;65,20;47,07;50,97;62,10;46,55
21.09.2020;37,24;35,46;35,60;;35,54;36,07;43,11;54,36;73,19;85,00;72,09;54,40;48,13;44,25;40,98;44,01;50,96;56,00;65,00;90,81;200,04;98,13;62,52;54,67;48,73;35,46;200,04;61,84;35,96;51,68;64,91;45,05;102,96;66,01;61,10;70,97;37,17;43,82;54,98;51,22;71,16;46,94;53,99;92,48;47,12
20.09.2020;37,89;36,77;35,36;;34,40;34,21;34,20;34,80;34,50;35,05;36,75;34,20;31,34;31,13;31,02;32,34;32,95;34,20;38,31;46,47;51,70;51,91;47,90;44,65;38,31;31,02;51,91;36,87;36,11;34,43;34,34;31,86;42,67;45,69;37,52;36,29;35,47;35,27;33,10;38,74;35,28;31,92;34,45;46,82;32,16
19.09.2020;33,25;31,08;32,55;;31,89;31,26;30,75;34,31;37,02;39,76;36,78;33,58;32,56;31,67;30,73;30,72;32,41;34,99;40,70;47,95;51,02;51,05;44,41;39,74;36,71;30,72;51,05;36,05;32,19;33,34;35,67;31,38;43,67;42,98;36,54;36,91;31,80;32,76;33,53;36,17;36,97;32,14;34,71;45,15;31,95
18.09.2020;37,97;35,06;34,68;;34,51;34,20;36,90;45,02;53,02;58,11;52,79;44,67;38,35;34,89;34,51;34,38;35,47;36,70;46,62;53,08;56,22;52,05;46,40;39,41;36,04;34,20;58,11;42,00;35,56;42,29;48,48;34,81;48,16;43,48;42,13;43,82;35,55;38,92;41,65;40,44;52,24;38,11;38,29;47,20;37,05
17.09.2020;34,11;34,85;34,73;;34,32;34,58;36,56;48,00;53,64;59,69;53,91;45,80;42,00;39,89;39,07;37,10;36,66;47,74;56,43;66,50;79,84;65,44;53,19;42,68;36,92;34,11;79,84;46,62;34,50;43,20;50,35;38,18;62,63;49,56;46,40;50,39;34,86;38,85;44,27;42,42;53,81;41,69;44,48;57,43;40,09
16.09.2020;50,12;46,30;45,10;;43,12;44,00;46,35;59,98;76,39;86,53;75,00;63,32;56,96;48,35;43,29;39,98;43,16;45,07;54,80;61,48;66,45;57,44;48,39;43,37;36,96;36,96;86,53;54,08;46,16;56,68;70,45;43,70;56,95;46,54;53,41;57,03;45,83;51,42;57,07;49,79;74,48;52,98;45,75;52,35;49,18
15.09.2020;41,23;40,81;39,20;;37,77;38,60;41,81;53,90;74,84;84,35;77,64;67,29;61,37;49,95;50,01;52,71;59,90;70,01;82,71;130,59;189,25;148,18;77,68;63,44;51,51;37,77;189,25;70,45;39,75;52,29;72,66;53,14;118,14;85,20;70,20;81,32;39,90;46,02;62,90;59,08;72,68;57,16;66,33;110,11;56,87
14.09.2020;35,22;34,28;32,90;;32,35;32,32;36,07;50,00;58,34;62,05;55,93;50,49;46,04;40,46;42,28;40,15;45,23;51,69;66,40;80,98;120,62;96,43;66,32;54,01;44,15;32,32;120,62;53,12;33,69;44,18;53,63;42,03;79,92;65,23;53,11;58,53;33,86;38,94;47,83;47,70;56,58;44,82;50,87;77,09;44,11
13.09.2020;35,46;33,31;31,25;;30,03;27,87;26,97;29,14;29,74;30,13;30,23;15,07;0,01;-24,08;-58,80;-49,94;-12,90;10,69;34,20;40,00;48,60;50,92;48,08;43,50;35,06;-58,80;50,92;12,64;32,51;28,43;18,86;-36,43;33,37;44,39;20,19;5,27;30,82;30,47;-8,79;35,11;29,81;-16,95;-4,49;44,36;-21,77
12.09.2020;42,91;37,27;34,33;;34,16;32,37;33,05;36,43;39,46;38,31;36,80;30,78;28,04;2,75;-0,12;-0,45;4,55;27,54;34,56;44,90;49,02;49,98;47,06;43,00;38,22;-0,45;49,98;28,38;37,17;35,33;33,48;1,68;39,01;44,57;31,87;24,72;35,68;36,25;17,58;39,02;37,75;15,36;16,55;45,36;10,93
11.09.2020;45,84;40,00;39,38;;36,79;36,85;41,12;53,91;62,57;69,45;62,00;49,94;46,02;40,79;36,47;34,05;35,06;40,42;48,01;55,40;64,21;62,60;52,05;49,83;44,78;34,05;69,45;47,50;40,50;48,61;56,85;36,59;52,01;52,32;47,81;48,49;40,00;44,56;46,72;47,14;61,98;43,31;39,39;54,81;40,39
10.09.2020;28,98;28,97;29,24;;29,28;29,20;33,32;45,18;52,78;59,26;52,74;48,50;47,21;46,08;44,01;42,45;44,73;48,08;55,74;65,81;78,01;75,23;57,43;49,89;43,98;28,97;78,01;47,72;29,12;40,12;51,93;44,32;61,91;56,63;47,34;52,72;29,83;34,62;48,12;41,96;52,49;46,45;47,75;61,73;45,50
09.09.2020;32,38;32,92;30,35;;29,58;30,12;32,94;46,01;49,13;49,34;43,93;33,08;29,61;29,09;29,07;29,21;29,17;31,16;43,38;47,92;48,03;47,98;43,19;31,99;29,52;29,07;49,34;36,31;31,31;39,55;38,99;29,14;42,62;38,17;36,63;36,92;31,38;35,43;34,06;36,34;47,10;30,21;33,23;41,44;29,87
08.09.2020;30,00;28,63;26,26;;25,15;26,25;29,15;31,39;42,70;44,14;35,54;31,65;29,63;27,70;28,00;27,74;32,22;36,88;48,91;55,80;68,37;66,29;49,52;43,73;36,71;25,15;68,37;36,96;27,51;32,37;35,24;28,92;52,49;49,06;37,60;38,88;27,57;29,94;32,08;36,32;38,44;29,25;36,44;53,40;29,49
07.09.2020;34,36;31,07;30,90;;30,53;30,58;33,32;47,13;58,44;65,05;55,80;47,97;46,17;42,36;37,78;36,40;37,83;40,14;46,93;54,78;62,37;59,03;46,01;37,78;32,24;30,53;65,05;43,92;31,72;42,37;53,75;38,59;51,06;43,77;43,54;47,80;31,79;37,04;46,17;39,28;56,61;43,57;40,33;48,70;41,42
06.09.2020;34,04;31,00;30,45;;29,39;29,39;29,60;30,80;30,90;30,80;33,20;32,19;34,27;34,10;30,70;30,28;30,73;32,40;35,10;42,01;47,19;49,44;46,75;43,88;37,42;29,39;49,44;34,68;31,22;30,17;32,62;31,45;39,18;44,37;34,83;34,41;30,65;30,70;32,03;35,26;31,43;32,82;32,13;44,45;32,05
05.09.2020;39,58;35,34;30,98;;29,01;30,06;30,06;31,60;34,20;38,30;37,55;32,26;29,04;28,49;22,91;15,30;26,75;30,04;32,62;38,21;44,04;46,84;43,08;38,94;36,74;15,30;46,84;32,49;33,73;31,48;34,29;23,36;36,23;41,40;33,41;31,29;32,51;32,60;28,83;35,54;35,41;28,18;26,18;41,31;25,79
04.09.2020;26,83;25,71;26,10;;25,96;28,00;30,44;39,97;48,43;51,67;49,71;42,03;39,15;36,00;32,67;31,09;31,25;36,48;44,03;47,95;51,43;51,61;45,99;42,79;34,48;25,71;51,67;38,07;26,15;36,71;45,64;32,75;44,97;43,72;38,32;41,12;27,17;31,43;39,20;35,53;47,45;37,46;35,71;45,71;35,37
03.09.2020;44,55;39,04;36,22;;34,84;35,43;37,69;49,50;55,98;58,52;52,35;48,17;41,12;30,95;30,36;30,47;34,19;31,11;42,34;47,49;47,74;46,41;41,06;30,84;26,49;26,49;58,52;40,43;38,66;44,65;50,04;31,49;42,17;36,20;40,54;41,23;37,96;41,66;40,77;39,84;54,09;37,65;34,53;40,01;35,88
02.09.2020;41,67;38,02;36,35;;34,72;35,70;38,35;50,13;62,23;71,11;63,51;54,51;49,50;44,93;44,11;43,96;44,02;46,46;52,35;60,40;68,89;66,05;55,46;49,34;43,94;34,72;71,11;50,05;37,69;46,60;59,66;44,26;57,03;53,70;49,82;53,65;37,47;42,15;51,96;46,00;61,75;48,26;46,70;57,35;46,84
01.09.2020;39,20;37,91;35,93;;34,91;35,89;38,33;48,08;59,00;65,26;59,96;55,36;53,92;50,86;49,77;47,12;47,00;48,58;51,84;60,00;67,02;65,93;55,32;46,95;41,28;34,91;67,02;50,28;36,99;45,33;58,63;48,69;56,86;52,37;49,81;54,72;37,03;41,16;53,66;44,89;58,08;52,48;48,64;56,08;50,67
31.08.2020;29,76;27,92;28,89;;28,43;29,41;34,39;45,24;59,94;67,25;68,84;66,53;65,41;62,76;60,00;57,48;54,99;58,95;65,49;71,60;79,06;72,66;64,86;52,02;45,00;27,92;79,06;55,16;28,75;42,25;67,01;58,81;68,78;58,64;54,04;64,86;29,80;35,50;62,91;43,21;60,32;63,68;59,23;64,20;61,20
30.08.2020;38,20;34,98;32,08;;31,34;30,74;30,98;30,59;30,74;31,97;32,25;32,39;32,79;31,99;30,98;29,97;29,23;29,98;31,41;35,18;39,08;42,70;43,13;41,97;37,00;29,23;43,13;33,71;34,15;30,76;32,35;30,54;33,91;41,20;33,82;32,27;33,05;32,46;31,45;35,37;31,39;32,04;30,15;39,84;31,23
29.08.2020;36,82;33,76;30,74;;29,27;28,31;29,00;29,60;31,76;35,94;38,30;36,84;35,85;30,99;30,29;30,00;31,67;34,71;37,00;43,98;46,39;46,91;44,99;43,00;39,26;28,31;46,91;35,48;32,65;29,67;36,73;30,74;40,52;43,54;35,64;36,00;31,32;31,16;33,74;35,29;33,90;33,49;33,35;44,09;32,61
28.08.2020;39,90;32,75;30,70;;29,17;30,43;32,69;40,83;45,71;47,90;48,34;46,49;43,68;37,00;34,63;36,37;38,25;38,25;45,08;47,98;52,11;50,35;46,66;42,36;39,19;29,17;52,11;40,65;33,13;37,42;46,60;36,56;45,86;44,64;40,70;43,01;32,61;35,27;41,58;38,40;45,70;40,45;39,49;46,44;39,40
27.08.2020;19,78;19,60;20,97;;23,57;26,05;29,58;42,93;47,78;51,92;40,21;38,41;40,99;43,04;43,83;45,01;46,91;47,87;59,59;70,39;89,91;90,00;69,00;57,90;46,13;19,60;90,00;46,25;20,98;36,59;42,88;44,70;66,94;65,76;46,31;51,51;23,26;28,78;43,79;41,11;45,71;41,57;49,85;70,56;43,03
26.08.2020;11,16;3,55;2,78;;2,47;2,94;16,94;31,09;37,09;37,81;34,79;21,70;19,07;13,95;8,21;0,31;-3,82;0,49;16,05;29,46;32,00;32,32;30,07;27,49;21,44;-3,82;37,81;17,68;4,99;22,02;28,34;4,66;19,50;27,83;17,89;17,50;6,64;13,50;16,50;18,28;35,20;15,73;3,26;28,80;9,90
25.08.2020;42,16;37,96;34,48;;32,76;32,68;34,70;46,90;48,06;53,66;45,24;43,07;41,69;40,07;37,85;35,60;35,25;35,65;38,95;40,99;42,04;38,03;35,19;30,05;20,07;20,07;53,66;38,66;36,84;40,59;45,92;37,19;39,41;30,84;38,46;40,84;35,79;38,71;41,55;36,09;48,47;40,67;36,36;34,40;38,92
24.08.2020;28,73;27,95;27,14;;25,50;25,50;28,90;39,79;53,26;53,13;53,84;47,10;48,00;44,01;42,31;42,10;41,20;41,92;50,25;55,87;66,33;70,16;61,44;54,90;43,97;25,50;70,16;45,12;27,33;36,86;50,52;42,41;53,59;57,62;44,72;48,84;27,29;32,10;46,46;40,60;50,01;45,36;43,87;58,78;44,12
23.08.2020;26,44;24,41;22,14;;19,32;14,91;11,84;13,87;19,20;22,19;17,09;4,44;0,60;0,03;-16,18;-12,11;-3,81;0,09;19,70;28,00;33,41;37,32;38,87;38,07;31,99;-16,18;38,87;13,20;23,08;14,96;11,08;-8,02;20,30;36,56;16,33;7,79;19,84;19,02;1,53;24,87;18,09;-2,78;0,97;34,61;-4,51
22.08.2020;31,76;26,40;24,08;;21,94;21,30;20,30;23,53;25,17;29,91;29,99;27,14;24,31;18,97;11,57;4,25;4,51;14,98;24,62;26,64;30,27;34,43;35,07;33,36;27,40;4,25;35,07;22,93;26,05;22,58;27,84;9,83;24,13;32,57;23,83;20,60;24,30;24,31;18,83;27,06;27,15;20,50;12,09;31,20;15,13
21.08.2020;34,35;28,45;24,15;;23,12;20,97;23,09;28,16;35,68;38,98;38,00;33,90;28,75;26,52;26,02;25,26;25,47;28,30;33,90;38,73;41,20;41,60;41,83;40,08;36,91;20,97;41,83;31,68;27,52;26,98;34,91;25,82;35,53;40,11;31,81;32,09;25,69;27,25;30,36;31,53;35,21;28,80;28,23;40,06;27,65
20.08.2020;33,10;28,60;26,10;;25,01;25,05;28,03;33,27;38,19;39,79;40,49;39,82;38,08;37,21;34,62;33,87;35,96;36,84;43,34;50,82;63,37;56,51;47,68;42,23;36,58;25,01;63,37;38,13;28,20;31,14;39,55;35,42;48,59;45,75;38,11;41,18;27,65;29,67;37,48;35,03;37,94;37,43;37,50;49,53;36,59
19.08.2020;37,53;33,91;32,52;;30,48;30,25;33,43;39,65;46,90;45,04;42,16;38,42;34,98;33,50;33,46;33,25;33,32;34,98;42,04;46,94;53,58;47,16;41,26;39,79;32,93;30,25;53,58;38,23;33,61;37,56;40,15;33,38;44,39;40,29;38,23;39,31;33,02;35,58;36,77;37,15;43,44;35,09;35,90;43,61;34,49
18.08.2020;35,83;33,40;31,49;;29,92;29,95;33,31;42,90;50,92;56,67;49,22;44,03;41,21;40,74;37,79;36,45;36,01;37,60;43,68;51,25;58,05;55,66;52,00;49,06;40,29;29,92;58,05;42,53;32,66;39,27;47,78;37,75;47,65;49,25;42,39;44,39;32,32;35,97;42,77;40,39;49,93;40,94;38,44;51,05;39,37
17.08.2020;30,43;28,72;28,25;;27,75;27,91;30,13;35,96;41,44;44,55;44,75;42,11;41,91;39,97;38,67;38,09;39,00;41,00;45,00;51,25;61,47;55,52;51,10;45,00;38,74;27,75;61,47;40,68;28,79;33,86;43,33;38,93;49,68;47,59;40,36;43,98;28,87;31,32;41,13;36,75;41,68;40,67;40,77;50,51;39,96
16.08.2020;33,12;29,00;28,00;;26,50;26,15;25,70;26,00;25,95;28,00;28,36;25,51;24,11;22,94;21,91;19,66;20,90;22,50;28,11;34,00;36,98;39,77;40,21;39,98;35,07;19,66;40,21;27,76;29,16;25,95;26,50;21,35;30,40;38,76;28,68;26,08;28,08;27,55;23,92;31,29;27,08;23,62;22,79;37,67;22,51
15.08.2020;38,36;33,90;31,77;;30,31;29,92;29,06;29,00;29,10;30,38;31,39;30,14;29,91;29,53;28,00;27,14;26,07;27,30;29,11;34,09;36,98;39,59;39,93;39,54;34,14;26,07;39,93;31,45;33,59;29,27;30,46;27,69;31,87;38,30;31,86;30,00;32,22;31,43;29,07;33,72;29,97;29,40;27,41;37,38;28,47
14.08.2020;33,41;32,24;31,07;;30,18;30,07;32,10;43,01;51,58;51,08;51,98;53,28;51,63;44,28;39,17;37,61;37,01;38,01;39,94;45,69;46,08;43,00;42,06;40,00;35,35;30,07;53,28;41,22;31,73;39,19;51,99;39,52;42,43;40,10;40,83;44,65;31,51;35,46;45,76;37,01;49,41;47,09;38,14;42,03;43,83
13.08.2020;31,49;29,16;28,42;;28,08;28,14;31,47;34,98;39,98;40,97;42,79;41,76;40,65;39,08;38,28;36,80;37,98;39,07;42,62;49,50;53,39;48,91;44,29;42,06;36,19;28,08;53,39;38,95;29,29;33,64;41,54;38,04;46,15;42,86;38,59;41,91;29,46;31,47;39,79;35,26;39,68;39,94;39,12;45,72;39,09
12.08.2020;24,89;24,34;24,35;;25,28;27,03;30,44;34,93;39,00;41,40;41,28;38,01;34,44;33,57;33,00;32,79;35,07;36,38;41,71;49,97;56,40;45,87;41,60;37,83;31,17;24,34;56,40;36,08;24,72;32,85;38,78;33,61;46,12;39,12;35,86;39,50;26,06;28,78;36,20;32,23;39,15;34,76;36,49;43,81;34,48
11.08.2020;34,66;33,12;31,12;;29,78;30,13;32,33;36,10;40,53;41,26;41,54;39,99;35,22;34,01;32,96;32,16;32,22;38,56;41,55;43,01;46,49;41,31;39,98;35,09;28,02;28,02;46,49;36,24;32,17;34,77;39,50;32,84;42,40;36,10;36,30;38,25;31,86;33,47;36,17;34,35;39,86;35,55;36,12;38,98;34,43
10.08.2020;30,23;28,70;28,03;;26,10;26,95;29,13;36,90;41,20;40,35;41,00;40,52;38,83;33,85;32,78;33,06;36,82;39,44;42,21;46,38;52,74;47,29;43,40;40,84;30,74;26,10;52,74;37,21;28,27;33,55;40,18;34,13;45,19;40,57;36,98;39,83;28,19;30,91;37,15;34,13;39,86;36,50;37,88;43,57;35,98
09.08.2020;31,95;29,16;28,00;;26,17;25,78;25,80;24,70;24,40;25,03;24,64;26,42;25,37;24,01;23,41;23,43;23,93;27,66;29,46;35,00;39,90;40,24;38,99;35,09;26,27;23,41;40,24;27,81;28,82;25,17;25,37;23,70;33,01;35,15;28,53;27,36;27,81;27,00;24,53;29,71;24,69;24,80;26,12;35,92;24,43
08.08.2020;38,00;32,80;30,96;;29,52;28,94;29,50;29,48;31,70;32,64;33,11;29,60;27,59;25,09;24,02;24,71;27,38;28,90;33,20;38,10;40,70;41,20;40,09;38,62;33,08;24,02;41,20;31,18;32,82;29,91;30,74;25,30;35,23;38,25;32,04;30,42;31,62;31,36;28,02;33,66;31,73;26,58;28,55;38,63;26,40
07.08.2020;34,26;31,01;29,20;;27,81;27,48;30,66;34,89;39,09;39,20;39,00;36,45;33,37;31,16;30,59;29,92;31,49;34,38;40,11;43,82;50,11;47,07;44,40;42,04;35,99;27,48;50,11;35,76;30,57;33,03;37,01;30,79;42,11;42,38;35,98;36,63;30,07;31,80;33,90;35,33;38,05;32,89;33,98;43,91;32,16
06.08.2020;26,90;23,99;23,12;;23,02;24,06;27,09;32,00;36,96;38,45;37,55;28,75;26,63;26,93;26,62;26,60;27,41;34,74;39,69;43,39;53,96;49,22;43,39;41,39;36,86;23,02;53,96;33,03;24,26;30,03;32,85;26,89;42,95;42,72;33,28;34,23;24,70;27,14;29,87;32,33;36,24;27,23;32,11;44,70;27,16
05.08.2020;32,27;26,29;23,51;;19,64;19,50;22,85;28,77;33,08;32,67;26,18;24,58;23,91;23,72;23,52;23,79;23,32;24,83;31,22;39,60;43,04;43,40;42,43;41,69;36,71;19,50;43,40;29,18;25,43;26,05;26,84;23,59;34,67;41,06;29,61;28,37;24,01;25,74;25,21;30,85;30,18;23,93;25,79;41,15;23,81
04.08.2020;31,60;28,02;26,14;;23,66;23,67;28,35;33,00;46,97;49,67;46,45;41,35;40,33;39,38;36,98;35,22;34,81;33,96;37,77;40,41;41,32;41,20;41,16;39,83;32,20;23,66;49,67;36,86;27,36;33,00;44,45;36,60;38,37;38,60;36,39;39,80;26,91;30,18;40,52;32,98;44,02;39,51;35,44;39,35;38,01
03.08.2020;27,93;26,19;26,05;;25,06;26,03;27,93;34,12;39,97;41,00;42,65;41,20;41,16;40,97;39,90;38,24;37,18;37,75;39,67;42,10;45,45;43,06;41,70;40,90;35,05;25,06;45,45;37,30;26,31;32,01;41,50;39,07;41,24;40,18;36,72;40,61;26,53;29,16;40,29;32,83;39,44;40,81;38,21;41,38;39,78
02.08.2020;30,67;27,82;26,97;;25,25;25,23;25,09;25,46;26,09;27,40;27,62;27,63;28,01;26,42;24,76;24,53;24,16;23,86;25,56;28,08;33,00;34,14;35,49;38,43;34,89;23,86;38,43;28,12;27,68;25,47;27,67;24,97;27,63;35,74;28,19;26,75;26,84;26,57;26,32;29,63;26,64;26,71;24,53;34,01;25,92
01.08.2020;33,35;24,60;24,28;;23,99;23,67;24,00;25,00;27,59;25,93;24,40;23,22;23,37;24,31;23,74;23,11;23,16;25,54;32,62;38,43;38,78;38,37;37,78;37,12;33,09;23,11;38,78;27,86;26,56;25,07;24,23;23,58;33,84;36,59;28,31;27,22;25,65;25,81;23,91;29,40;25,73;23,66;26,11;37,26;23,49
31.07.2020;38,80;33,90;31,99;;31,58;31,74;34,28;40,56;43,69;44,91;41,65;38,25;32,70;30,49;29,49;30,09;31,95;33,49;42,66;49,08;54,40;49,12;46,15;44,97;38,27;29,49;54,40;38,17;34,07;37,57;39,38;30,51;44,91;44,63;38,51;38,26;33,72;35,82;34,94;38,75;42,70;32,73;34,55;47,00;32,16
30.07.2020;35,97;31,78;29,10;;27,17;26,99;29,20;36,91;39,64;39,53;34,88;28,14;27,49;26,73;25,55;26,20;27,59;30,25;38,08;44,94;60,02;56,80;49,83;44,54;37,53;25,55;60,02;35,17;31,01;33,19;32,51;26,52;43,32;47,18;35,62;34,12;30,04;32,10;29,51;37,12;37,74;26,98;30,53;48,94;26,95
29.07.2020;26,16;23,50;23,53;;22,38;22,79;23,65;29,78;32,85;30,59;22,73;10,65;3,56;0,13;0,07;0,07;0,08;3,77;14,74;26,74;34,02;35,61;39,38;37,00;34,20;0,07;39,38;19,11;23,89;27,27;16,88;0,09;19,82;36,55;20,75;12,26;23,67;25,58;8,49;29,24;28,99;3,60;4,67;34,49;2,43
28.07.2020;18,71;19,16;16,82;;17,20;17,11;21,56;26,21;32,17;33,32;28,62;23,58;21,04;14,93;0,04;1,48;8,13;21,03;27,09;30,96;35,78;36,94;36,78;34,21;28,31;0,04;36,94;22,02;17,97;24,26;26,64;6,15;28,72;34,06;22,97;20,50;18,43;21,12;16,39;25,43;30,08;14,90;14,43;33,83;11,53
27.07.2020;32,43;27,11;25,80;;24,15;24,02;27,18;35,86;37,95;38,59;38,72;36,87;35,45;32,18;30,54;30,46;31,40;34,44;36,44;38,50;39,36;37,98;33,72;29,00;22,62;22,62;39,36;32,84;27,37;31,25;37,41;31,15;37,19;30,83;32,53;35,25;26,78;29,31;34,28;29,82;37,78;33,76;33,19;33,53;32,82
26.07.2020;23,78;21,60;20,37;;17,00;17,10;16,50;10,70;10,82;15,88;17,83;9,90;2,00;0,84;-5,82;-44,97;-21,35;-2,07;6,77;22,64;25,64;32,70;35,69;36,97;32,04;-44,97;36,97;10,20;20,69;13,78;11,40;-17,83;13,25;34,35;12,61;2,27;19,39;17,23;-3,21;22,94;13,81;1,73;-15,41;30,95;-9,90
25.07.2020;34,63;30,56;27,93;;26,03;25,00;25,04;25,18;26,30;26,29;23,95;20,82;20,18;20,26;17,87;18,15;18,45;19,78;25,01;28,90;31,58;32,22;31,41;32,15;24,79;17,87;34,63;24,99;29,79;25,38;22,81;18,68;26,32;30,14;25,52;22,60;28,20;27,58;20,75;28,44;25,43;19,78;20,35;30,18;19,29
24.07.2020;31,72;25,63;23,94;;22,94;23,71;25,22;30,09;36,14;39,95;39,83;40,02;36,04;29,57;26,04;24,20;24,01;23,85;26,75;34,97;36,85;37,39;37,04;37,17;34,65;22,94;40,02;31,00;26,06;28,79;38,96;25,96;30,61;36,56;31,16;31,84;25,53;27,42;32,46;30,47;36,50;32,92;24,70;36,35;29,98
23.07.2020;35,96;32,98;31,00;;29,86;28,99;31,43;40,33;45,89;39,36;37,67;33,92;30,97;30,76;29,25;27,90;29,69;30,93;38,19;42,86;45,23;43,64;42,09;41,69;36,00;27,90;45,89;35,48;32,45;36,66;35,48;29,40;39,30;40,86;35,69;34,73;31,70;34,56;32,44;36,66;40,81;31,23;31,68;41,92;30,42
22.07.2020;33,31;28,39;27,17;;26,07;26,05;28,78;35,18;39,40;38,90;37,67;34,44;32,31;29,50;28,19;26,97;29,00;31,69;38,83;42,19;45,74;44,34;41,96;41,44;36,92;26,05;45,74;34,35;28,74;32,35;35,83;28,42;39,61;41,17;34,35;34,62;28,30;30,54;32,12;34,08;37,79;31,11;31,62;42,10;30,07
21.07.2020;31,38;27,85;27,08;;26,95;26,98;28,05;35,84;39,07;38,28;35,25;27,79;26,17;26,31;24,83;22,46;24,01;24,75;28,10;38,07;42,74;41,82;40,48;39,73;37,13;22,46;42,74;31,19;28,32;32,49;31,87;24,40;33,42;39,79;31,71;29,90;28,05;30,40;28,14;33,53;37,11;26,28;24,83;40,00;25,26
20.07.2020;32,02;27,57;26,40;;26,01;26,00;27,09;35,24;38,29;39,00;38,22;36,35;30,95;26,34;25,15;25,36;25,11;25,93;35,19;39,12;42,54;43,90;41,00;40,80;37,52;25,11;43,90;32,72;28,00;31,66;36,13;25,49;35,70;40,81;32,96;32,44;27,52;29,83;30,81;33,49;37,69;29,70;27,90;40,81;28,21
19.07.2020;34,00;28,36;27,00;;25,40;25,02;25,06;24,94;25,40;24,91;24,93;24,72;23,49;23,19;21,13;19,46;20,89;24,28;26,00;29,80;36,15;37,52;37,95;40,42;36,69;19,46;40,42;27,05;28,69;25,11;24,51;21,17;29,06;38,15;27,78;24,91;27,47;26,90;22,84;30,65;25,05;23,13;22,66;36,42;22,15
18.07.2020;34,57;30,54;27,62;;26,63;26,00;25,75;25,80;26,50;26,87;26,73;24,35;23,99;23,09;23,15;23,12;23,47;24,15;28,00;34,65;37,95;38,41;38,00;39,45;37,52;23,09;39,45;28,23;29,84;26,01;25,49;23,21;31,19;38,35;29,01;26,63;28,52;27,93;24,35;31,40;26,48;23,65;24,69;37,66;23,53
17.07.2020;36,48;31,85;29,51;;28,68;28,76;32,55;40,32;42,74;44,86;42,72;41,25;41,38;39,01;37,00;35,74;34,55;34,95;38,00;41,01;42,01;41,24;40,31;40,93;36,00;28,68;44,86;37,86;31,63;36,09;42,55;36,58;38,99;39,62;37,58;39,37;31,31;33,86;39,56;35,78;42,66;39,66;35,81;40,25;38,16
16.07.2020;36,19;32,50;29,84;;28,97;29,35;32,29;43,11;50,90;56,18;58,04;58,70;53,87;52,62;44,41;43,93;44,03;44,01;48,92;45,38;48,39;54,56;48,43;43,10;38,98;28,97;58,70;45,41;31,88;38,91;56,70;46,25;46,68;46,27;44,45;49,87;31,52;35,39;51,47;39,02;52,06;52,40;45,22;46,47;49,59
15.07.2020;35,55;30,22;30,00;;28,73;29,84;34,29;41,05;48,91;57,38;47,90;46,07;50,95;46,57;43,78;41,86;42,10;39,40;41,71;44,52;47,30;44,93;47,91;42,09;37,97;28,73;57,38;42,59;31,13;38,52;50,58;43,58;43,23;43,23;41,71;45,80;31,44;34,82;47,08;37,62;48,81;46,84;41,27;44,12;45,22
14.07.2020;34,47;29,79;28,16;;27,74;27,45;28,52;35,85;42,91;38,93;36,63;36,15;36,52;36,98;36,97;36,57;36,57;36,20;38,69;44,74;45,97;46,08;41,98;41,43;37,02;27,45;46,08;37,09;30,04;33,68;37,06;36,77;41,40;41,63;36,76;38,41;29,36;31,86;36,92;35,12;38,58;36,66;37,01;42,87;36,63
13.07.2020;29,48;26,03;25,07;;25,07;25,10;26,51;34,64;39,52;38,12;37,68;34,05;32,60;31,13;31,18;32,08;31,96;34,00;37,41;40,80;45,56;44,76;41,01;40,05;36,40;25,07;45,56;34,32;26,41;31,44;35,61;31,59;39,44;40,56;34,18;35,55;26,21;28,93;33,60;32,80;37,49;32,24;33,86;41,43;32,17
12.07.2020;32,97;28,82;26,19;;25,03;24,70;24,10;21,68;22,69;18,41;18,04;16,97;16,07;18,62;16,04;14,76;15,80;18,11;23,97;29,05;35,12;37,33;37,74;37,08;35,23;14,76;37,74;23,58;28,25;23,29;17,37;16,31;26,56;36,85;24,77;20,08;26,97;25,77;16,84;29,46;20,21;16,93;18,16;35,26;16,38
11.07.2020;34,57;29,90;28,37;;27,13;26,10;26,10;26,09;27,58;29,09;28,34;26,53;25,62;23,29;22,86;22,42;22,45;24,36;26,50;30,42;34,00;36,15;35,91;37,73;34,92;22,42;37,73;28,25;29,99;26,47;27,40;22,76;28,82;36,18;28,60;26,32;28,70;28,23;25,08;30,88;27,78;24,58;23,93;34,86;23,86
10.07.2020;39,00;34,62;32,94;;31,10;30,52;32,05;38,06;41,01;42,94;42,54;41,76;39,95;38,43;35,41;29,54;29,17;30,50;35,34;38,98;40,79;39,00;39,00;39,40;36,80;29,17;42,94;36,74;34,42;35,41;41,80;33,14;36,40;38,55;36,62;37,11;33,37;34,91;37,47;36,13;41,14;38,89;31,14;39,00;35,71
09.07.2020;39,94;35,41;32,66;;30,21;30,99;34,37;42,90;51,96;51,18;47,94;47,08;47,56;43,23;42,53;40,11;39,84;39,90;41,78;46,35;51,70;47,39;46,22;45,00;41,91;30,21;51,96;42,84;34,56;40,06;48,44;41,43;44,93;45,13;42,42;44,93;33,93;37,31;44,93;39,91;48,50;45,10;40,41;46,43;43,39
08.07.2020;35,93;31,05;30,41;;29,92;29,55;30,30;36,98;43,00;47,00;46,20;44,44;44,71;42,02;41,09;40,20;39,99;40,02;45,05;52,13;55,00;52,92;45,93;45,49;39,80;29,55;55,00;41,97;31,83;34,96;45,59;40,83;48,05;46,04;41,21;44,82;31,19;33,39;43,21;37,61;43,30;43,07;41,32;48,55;42,08
07.07.2020;29,56;28,54;27,96;;27,30;27,15;27,90;33,83;37,65;37,20;34,87;30,82;27,99;27,73;24,98;24,36;24,80;25,18;30,48;38,48;40,78;40,84;40,10;40,15;37,00;24,36;40,84;31,67;28,34;31,63;32,72;25,47;33,73;39,52;31,90;30,64;28,07;29,99;29,09;33,17;35,89;27,88;26,21;39,56;26,78
06.07.2020;19,90;7,71;6,45;;3,37;3,23;5,61;20,42;28,27;27,97;21,89;1,49;1,10;1,25;0,05;-3,05;-2,97;-0,02;1,23;27,96;34,22;34,51;35,31;35,94;30,94;-3,05;35,94;13,13;9,36;14,38;13,11;-1,18;15,85;34,18;14,28;9,26;7,71;11,87;5,97;19,31;24,64;0,97;-1,20;33,15;-0,36
05.07.2020;11,21;2,19;0,08;;-0,05;-3,82;-13,50;-14,91;-13,45;-13,87;-14,54;-17,01;-26,93;-63,02;-64,55;-64,99;-64,96;-64,59;-36,97;-4,44;1,49;19,17;25,94;30,24;23,19;-64,99;30,24;-17,32;3,36;-11,42;-18,09;-64,38;-26,13;24,64;-15,34;-36,20;-0,65;-4,03;-41,23;5,52;-14,19;-42,88;-57,88;15,93;-50,24
04.07.2020;27,19;24,28;21,07;;14,86;16,15;15,52;14,46;18,56;19,20;2,41;1,47;0,38;0,02;-4,71;0,91;0,29;13,61;21,95;26,81;28,03;27,58;26,73;28,00;24,91;-4,71;28,03;14,14;21,85;16,17;5,87;-0,87;22,60;26,81;15,40;9,20;19,85;19,01;2,50;21,61;13,66;-0,71;9,19;27,01;-0,27
03.07.2020;40,46;35,00;32,57;;31,27;29,90;30,87;39,99;47,10;49,95;43,44;38,95;37,32;34,05;28,88;25,73;24,95;24,22;31,22;37,24;38,82;36,97;35,25;35,02;29,18;24,22;49,95;34,81;34,83;36,97;42,42;28,40;32,88;34,11;34,93;34,56;33,35;35,90;35,41;35,30;45,12;34,80;26,53;35,41;31,65
02.07.2020;34,53;30,91;28,38;;27,20;27,90;30,19;38,96;42,84;47,30;41,69;42,14;41,59;39,47;38,33;35,94;35,06;33,92;38,87;46,00;52,65;47,91;45,33;46,00;40,82;27,20;52,65;39,45;30,26;34,97;43,18;37,20;42,86;45,02;38,91;41,08;29,85;32,61;40,19;36,75;42,70;40,38;35,95;46,45;38,76
01.07.2020;23,92;25,04;25,59;;25,03;24,78;25,89;33,75;37,97;39,99;38,29;37,06;36,14;28,40;24,16;25,00;26,41;27,17;32,91;37,37;43,29;40,80;40,12;40,25;37,91;23,92;43,29;32,35;24,90;30,60;37,87;25,99;35,19;39,77;32,39;33,02;25,04;27,75;31,93;31,75;37,50;31,44;27,87;39,96;29,53
30.06.2020;22,49;21,02;17,53;;15,82;16,44;19,10;25,79;31,95;26,14;17,10;2,58;0,39;0,92;-0,08;0,06;1,32;1,44;21,20;27,73;33,38;36,10;35,54;34,94;31,60;-0,08;36,10;17,12;19,22;23,32;11,55;0,56;20,94;34,55;18,35;11,02;18,73;21,27;6,05;25,69;25,25;0,95;6,01;33,22;0,87
29.06.2020;24,02;19,77;17,76;;17,40;17,60;19,88;26,52;35,54;40,45;38,81;35,40;34,03;29,35;22,63;21,98;21,02;19,85;22,84;32,96;34,95;34,90;34,63;33,97;23,28;17,40;40,45;27,60;19,74;24,89;37,17;23,75;27,65;31,70;27,48;29,52;19,41;22,31;30,46;25,44;35,33;30,35;21,42;32,45;27,40
28.06.2020;23,93;21,03;16,90;;14,26;15,48;13,02;12,45;12,60;13,36;12,48;14,17;15,90;13,71;1,42;0,08;0,54;2,22;16,90;25,04;29,83;33,04;35,07;36,00;31,14;0,08;36,00;16,24;19,03;13,39;13,98;3,94;18,50;33,81;17,11;12,14;17,44;16,21;8,96;22,08;12,72;11,30;4,94;31,69;7,64
27.06.2020;35,92;30,68;28,30;;27,48;27,14;26,82;25,34;27,72;28,44;28,22;27,01;25,00;23,09;21,56;18,29;17,52;18,52;23,05;27,08;30,52;32,28;32,96;32,91;28,09;17,52;35,92;26,25;30,60;26,76;27,17;20,12;24,79;31,56;26,83;24,03;29,39;28,68;23,64;29,64;27,43;24,17;19,35;30,64;22,08
26.06.2020;32,47;28,12;25,96;;25,59;25,63;26,80;34,05;38,94;40,13;39,19;36,93;34,64;33,12;32,79;32,42;32,18;33,28;36,45;40,43;46,80;41,96;39,90;40,10;37,40;25,59;46,80;35,00;28,04;31,36;37,72;32,63;39,24;39,84;34,80;36,53;27,43;29,70;35,18;33,08;38,08;34,37;33,58;41,10;33,68
25.06.2020;30,32;27,54;26,51;;25,75;25,43;27,10;34,49;40,73;42,09;40,98;38,83;36,50;33,31;31,38;29,94;29,87;32,40;37,06;39,55;44,13;41,23;40,24;38,00;33,43;25,43;44,13;34,52;27,53;31,94;39,60;31,13;38,29;38,23;34,45;36,34;27,11;29,73;35,36;32,56;39,57;35,01;32,32;39,43;33,31
24.06.2020;33,02;31,37;27,83;;26,76;26,86;28,53;37,57;41,71;39,03;37,66;36,12;35,21;34,84;33,69;32,77;32,72;33,98;37,16;40,93;47,11;45,65;40,24;38,95;33,98;26,76;47,11;35,68;29,75;33,67;37,01;33,51;39,80;39,71;35,57;36,77;29,06;31,71;35,26;34,37;38,99;34,97;34,16;41,14;34,23
23.06.2020;30,00;27,12;25,88;;24,40;24,43;27,04;35,03;37,44;37,16;34,90;31,92;30,24;28,79;28,23;27,82;28,65;30,00;33,00;36,59;44,51;48,65;41,29;38,41;34,30;24,40;48,65;32,57;26,85;30,99;33,56;28,37;36,03;40,66;32,74;32,65;26,48;28,92;30,96;32,83;36,13;29,80;29,87;40,63;29,28
22.06.2020;23,57;21,88;20,61;;21,04;21,50;23,04;30,69;35,41;38,58;34,50;33,08;31,66;30,04;24,67;24,49;23,62;24,59;31,41;34,39;36,74;37,63;37,39;36,38;33,01;20,61;38,58;29,55;21,78;27,66;34,46;25,71;31,78;36,10;29,58;30,65;21,94;24,72;30,08;28,51;34,80;29,86;26,03;35,92;27,93
21.06.2020;30,11;25,07;22,15;;20,26;16,20;12,53;10,98;11,25;14,00;13,68;15,60;17,00;18,62;13,08;8,26;8,40;11,65;20,84;24,83;29,61;30,20;30,84;32,93;29,90;8,26;32,93;18,71;24,40;12,74;15,07;12,09;21,73;30,97;19,50;16,30;21,05;18,57;13,58;22,70;12,48;16,08;12,29;29,72;13,49
20.06.2020;26,70;24,73;22,80;;21,63;20,48;20,04;21,85;22,94;24,17;23,67;22,06;21,50;20,50;17,90;15,27;15,68;18,98;23,67;28,30;30,87;33,00;34,77;34,94;31,58;15,27;34,94;23,62;23,97;21,33;22,85;17,34;25,46;33,57;24,08;21,88;22,73;22,65;20,09;26,29;23,16;20,49;18,40;32,24;18,82
19.06.2020;28,10;24,45;23,25;;22,28;22,20;23,07;30,06;35,33;37,80;36,08;34,56;33,33;31,22;28,40;26,89;25,29;24,07;28,64;32,61;34,00;34,22;34,13;35,00;31,50;22,20;37,80;30,00;24,52;27,67;35,44;27,95;29,83;33,71;29,85;31,07;23,89;26,09;31,70;28,63;34,82;31,88;26,22;33,58;29,95
18.06.2020;27,74;25,26;23,51;;22,82;22,92;24,31;28,86;34,59;36,59;36,93;36,73;36,87;36,21;34,00;32,17;31,81;30,72;33,10;35,00;36,99;36,30;35,57;34,30;29,98;22,82;36,99;32,20;24,83;27,67;36,78;33,55;33,95;34,04;31,80;34,76;24,43;26,25;35,16;28,85;34,24;35,95;31,95;34,69;34,63
17.06.2020;32,05;30,38;28,10;;26,92;26,53;28,76;35,96;51,93;56,52;42,14;38,99;38,39;36,03;36,01;35,05;33,59;33,00;40,06;45,58;47,33;42,32;39,71;36,59;31,70;26,53;56,52;37,53;29,36;35,80;44,01;35,17;41,49;37,58;37,24;40,22;28,79;32,58;39,59;34,25;46,64;37,36;35,43;40,54;36,34
16.06.2020;29,86;26,59;25,17;;24,79;24,34;25,10;31,13;38,39;45,90;41,39;39,32;40,31;38,75;34,97;32,21;30,86;30,66;33,73;38,32;42,91;40,66;37,66;34,92;30,94;24,34;45,90;34,60;26,60;29,74;41,73;34,20;36,41;36,05;34,12;37,44;25,98;28,17;37,96;30,80;39,20;38,34;31,87;37,57;36,07
15.06.2020;23,07;20,65;19,06;;18,02;17,40;21,36;29,93;35,28;36,05;35,89;34,09;34,00;34,10;33,15;31,90;31,00;30,52;33,00;38,00;43,52;41,07;35,91;36,39;31,92;17,40;43,52;31,06;20,20;25,99;35,01;32,54;36,26;36,32;31,05;34,60;19,93;23,10;33,77;27,51;34,29;33,84;31,61;37,80;33,04
14.06.2020;18,53;16,80;14,91;;13,82;14,84;14,04;14,94;15,30;15,00;18,54;19,07;20,74;19,73;17,97;15,14;14,49;14,80;17,70;21,08;23,80;25,97;25,87;27,91;23,17;13,82;27,91;18,33;16,02;14,78;18,34;16,83;19,35;25,73;18,51;18,17;15,49;15,40;17,59;18,84;15,95;19,38;15,53;24,63;17,86
13.06.2020;20,98;19,44;18,70;;18,80;19,00;18,90;19,33;19,86;20,00;19,10;18,50;18,11;16,47;16,25;15,89;15,84;17,50;18,50;21,93;24,87;25,96;24,42;24,85;23,06;15,84;25,96;19,47;19,48;19,27;18,93;16,11;20,70;24,57;19,84;18,58;19,30;19,38;17,52;21,11;19,57;17,33;16,93;24,18;16,84
12.06.2020;20,72;17,96;17,09;;16,01;16,00;18,08;22,92;25,10;26,01;23,23;21,07;20,50;19,45;15,20;16,19;16,14;17,40;20,06;23,53;27,51;26,22;24,70;25,46;20,78;15,20;27,51;20,47;17,95;20,53;22,70;16,75;22,13;24,29;20,72;20,52;17,64;19,24;19,72;20,92;24,32;19,06;17,45;24,70;18,09
11.06.2020;26,06;22,75;21,07;;19,43;18,96;18,96;21,56;26,06;30,00;28,96;26,06;25,51;23,89;21,99;20,50;19,10;19,28;23,07;26,08;30,65;30,17;27,09;26,51;23,81;18,96;30,65;23,91;22,33;21,39;27,63;21,37;24,77;26,90;24,06;24,59;21,21;21,86;24,50;23,54;26,65;24,36;20,49;27,39;22,84
10.06.2020;26,09;24,20;22,61;;21,49;22,58;24,15;29,41;35,50;42,15;41,06;40,40;35,81;34,90;34,14;32,40;31,30;30,24;31,87;33,77;34,91;33,05;31,50;31,45;27,77;21,49;42,15;31,91;23,60;27,91;39,86;33,19;32,70;30,94;31,36;35,25;23,52;25,75;36,52;27,48;37,03;36,31;31,45;32,08;34,83
09.06.2020;28,39;25,79;24,08;;23,67;23,48;25,27;33,43;43,85;52,31;42,46;46,62;46,68;44,12;39,11;36,39;33,49;33,76;41,61;45,21;48,07;43,09;37,47;32,83;29,06;23,48;52,31;37,66;25,48;31,51;47,02;38,28;42,16;35,61;36,68;42,49;25,11;28,50;42,65;30,87;43,01;44,13;36,31;39,29;41,07
08.06.2020;26,00;22,70;22,01;;21,36;21,25;23,03;33,45;41,92;40,25;34,76;33,95;35,00;33,00;31,93;30,20;29,28;29,08;33,31;38,85;38,65;35,23;34,60;33,05;30,00;21,25;41,92;31,65;23,02;29,91;35,99;31,10;34,97;33,22;31,37;34,02;22,73;26,47;33,55;28,72;37,60;33,47;30,47;35,06;32,23
07.06.2020;21,04;17,21;14,93;;12,63;10,92;10,96;10,88;14,04;15,36;16,00;15,70;16,06;16,94;13,37;10,76;10,64;13,64;17,00;21,06;25,36;28,56;29,14;32,33;28,91;10,64;32,33;17,37;16,45;11,70;15,78;12,93;19,27;29,74;17,64;15,99;14,62;14,08;14,35;19,30;14,07;15,52;13,01;27,56;13,91
06.06.2020;7,69;1,46;-0,09;;0,03;1,44;1,35;0,08;2,81;5,79;5,65;4,22;2,42;0,06;-4,90;-3,46;-1,71;0,05;9,78;16,42;21,23;23,27;22,98;23,91;19,96;-4,90;23,91;6,29;2,27;1,42;4,52;-2,50;11,87;22,53;6,69;4,63;1,98;1,85;1,01;8,74;3,58;0,45;1,17;21,30;-0,56
05.06.2020;17,25;16,80;17,06;;15,99;15,61;17,09;24,41;28,96;37,07;33,07;28,40;31,42;26,43;24,00;22,50;23,02;23,60;25,65;27,91;27,99;27,03;25,89;25,89;20,16;15,61;37,07;24,65;16,78;21,52;32,49;23,99;26,29;24,74;24,30;27,59;16,63;19,15;28,24;21,01;30,88;27,56;23,69;25,81;25,96
04.06.2020;22,17;20,98;19,61;;20,15;20,36;23,83;28,13;33,64;43,97;33,25;31,82;31,77;30,50;28,93;26,13;26,00;25,70;26,38;28,20;26,07;25,00;23,94;22,69;18,04;18,04;43,97;26,88;20,73;26,49;35,20;27,89;26,59;22,42;26,55;29,89;21,18;23,61;31,55;23,21;34,75;30,76;26,05;23,99;29,19
03.06.2020;25,54;24,00;22,72;;20,87;20,24;21,17;31,82;51,41;36,06;31,07;28,72;28,00;27,23;25,27;25,58;26,04;25,78;26,18;29,68;40,17;40,10;32,60;27,91;23,99;20,24;51,41;28,92;23,28;31,16;30,96;26,03;30,45;31,15;28,84;29,15;22,42;27,22;28,50;28,53;37,59;27,31;25,90;32,41;26,81
02.06.2020;18,08;16,33;14,99;;14,65;15,92;19,96;29,37;47,66;42,29;24,10;21,86;21,45;20,91;19,54;19,02;18,06;20,09;26,02;41,70;53,65;60,75;49,95;37,92;25,92;14,65;60,75;28,10;16,01;28,23;27,43;19,38;35,37;43,64;28,34;27,39;16,66;22,12;23,40;29,29;35,86;20,94;20,80;44,98;20,14
01.06.2020;8,15;8,93;9,80;;6,07;4,07;5,77;7,31;10,05;10,96;9,17;4,01;1,71;3,04;-20,51;-48,17;-15,47;0,47;11,53;16,57;22,00;23,05;22,91;23,37;20,90;-48,17;23,37;3,28;8,24;6,80;6,46;-20,28;12,64;22,56;6,07;-0,39;7,13;7,52;-6,91;12,53;9,37;-2,94;-12,91;21,47;-12,57
31.05.2020;11,88;11,60;11,76;;11,09;8,83;7,15;5,56;6,12;2,58;2,70;0,10;1,05;0,85;-7,68;-35,51;-45,05;-20,22;-0,10;4,98;12,54;12,57;13,38;12,59;11,10;-45,05;13,38;-0,26;11,58;6,92;1,61;-21,85;-0,70;12,41;1,66;-6,98;10,39;9,25;-10,12;10,30;4,24;-1,42;-25,22;11,19;-14,37
30.05.2020;18,27;15,55;15,06;;15,00;14,55;15,00;14,40;15,04;13,00;12,00;9,33;7,17;9,44;4,80;2,61;2,17;4,61;9,06;15,33;17,58;17,46;18,28;17,91;17,26;2,17;18,28;12,09;15,97;14,75;10,38;4,76;11,65;17,73;12,54;8,93;15,57;15,36;7,57;16,15;13,61;7,69;4,61;17,30;5,92
29.05.2020;19,42;18,88;18,22;;19,07;19,43;22,36;27,92;37,20;30,92;24,40;22,35;20,68;19,91;19,04;16,15;17,30;18,10;22,85;25,68;26,49;25,79;25,97;24,16;22,32;16,15;37,20;22,36;18,90;26,73;24,59;18,10;23,28;24,56;22,69;21,99;19,56;22,81;21,34;23,40;30,11;20,50;18,60;25,07;19,24
28.05.2020;18,09;16,31;16,20;;15,92;16,16;18,03;22,94;25,55;25,16;22,99;20,15;18,95;18,00;17,03;16,90;16,19;15,48;19,99;22,99;26,15;26,11;27,16;25,05;22,39;15,48;27,16;20,16;16,63;20,67;21,81;17,03;21,15;25,18;20,41;20,00;16,79;18,65;19,42;20,83;24,16;18,53;17,14;24,98;17,87
27.05.2020;23,15;21,68;21,40;;21,92;21,99;22,54;26,05;31,94;26,85;24,10;21,16;23,08;22,04;20,71;20,00;19,99;19,65;21,40;22,76;24,92;25,54;23,99;22,65;20,02;19,65;31,94;22,79;22,04;25,63;23,80;20,69;22,18;23,05;22,90;22,22;22,11;23,83;22,24;23,57;27,24;21,75;20,26;23,31;21,16
26.05.2020;21,10;22,63;21,41;;21,49;22,65;22,72;34,94;40,05;34,65;24,21;22,59;21,97;21,00;19,75;19,98;20,91;21,00;24,20;31,29;47,90;50,15;35,95;31,51;24,15;19,75;50,15;27,01;21,66;30,09;25,86;20,41;31,10;35,44;27,43;25,79;22,00;25,87;23,13;29,06;33,46;21,33;21,52;36,83;21,03
25.05.2020;13,01;12,03;8,03;;7,59;7,73;9,99;16,02;21,09;22,06;20,92;20,00;20,94;17,50;15,47;14,38;14,00;15,75;18,90;23,53;26,08;38,32;34,35;26,25;23,19;7,59;38,32;18,70;10,17;13,71;20,98;15,34;21,07;30,53;18,63;19,13;9,73;11,94;18,16;18,13;20,02;18,48;15,76;28,62;17,05
24.05.2020;0,03;-2,44;-8,77;;-20,01;-20,37;-24,65;-30,98;-25,00;-26,97;-39,46;-63,04;-63,06;-70,04;-74,97;-74,97;-69,99;-57,74;-16,98;1,54;8,03;14,00;14,39;16,31;8,00;-74,97;16,31;-27,77;-7,80;-25,25;-48,13;-72,49;-16,29;13,18;-26,13;-45,64;-12,70;-16,52;-60,31;-6,62;-30,60;-67,78;-54,92;10,38;-69,35
23.05.2020;14,01;11,48;10,87;;8,72;9,37;9,50;12,37;15,07;16,57;16,72;15,53;12,63;12,70;4,64;0,01;-0,94;-0,38;0,75;8,01;12,20;14,04;13,94;14,56;13,99;-0,94;16,72;10,10;11,27;11,58;15,36;4,10;5,15;14,13;10,27;8,20;10,66;11,42;9,73;12,33;15,18;11,38;-0,14;12,79;7,43
22.05.2020;20,00;17,03;15,50;;14,02;14,15;15,75;20,83;21,94;21,92;21,20;16,49;14,59;14,69;14,57;16,09;17,27;18,35;22,07;22,98;23,71;23,35;22,20;22,81;20,47;14,02;23,71;18,70;16,64;18,17;18,55;15,66;21,78;22,21;18,83;18,66;16,08;17,40;17,10;19,00;21,47;15,09;18,45;22,59;15,62
21.05.2020;21,37;20,01;17,29;;16,74;16,84;16,18;17,85;19,77;19,56;16,12;14,82;14,92;14,81;13,29;12,14;13,90;15,47;18,00;22,09;29,66;42,66;29,52;24,12;22,78;12,14;42,66;18,91;18,85;17,66;16,36;13,54;21,31;29,77;19,58;17,07;18,07;18,26;14,95;22,09;18,33;14,46;14,88;28,47;13,98
20.05.2020;21,24;22,35;21,58;;21,56;20,67;23,25;44,83;56,69;57,00;34,31;28,72;30,55;28,09;23,43;22,93;23,06;23,24;25,63;33,97;44,58;56,30;46,90;35,42;22,94;20,67;57,00;32,02;21,68;36,36;37,65;24,38;31,86;40,39;32,05;31,29;21,78;29,02;31,01;32,81;48,21;27,70;23,72;40,02;26,13
19.05.2020;17,05;16,13;16,16;;15,74;17,01;18,53;22,26;26,04;28,18;22,96;20,07;20,13;19,31;18,19;17,71;17,82;19,03;22,14;28,67;42,65;49,98;40,48;29,07;23,18;15,74;49,98;23,25;16,27;20,96;22,84;18,26;28,12;35,68;23,69;23,07;16,77;18,62;20,55;24,30;24,86;19,43;19,18;35,67;18,87
18.05.2020;18,00;15,54;14,01;;12,95;13,97;17,98;24,96;27,94;29,91;22,96;18,91;16,90;15,36;14,04;13,26;12,85;13,44;19,07;22,81;25,95;31,90;26,08;23,99;21,04;12,85;31,90;19,38;15,13;21,21;22,17;13,88;20,32;25,75;19,74;18,79;15,41;18,17;18,02;20,70;26,44;16,30;14,66;25,30;15,22
17.05.2020;18,93;17,79;15,15;;13,66;11,89;12,62;8,52;11,90;11,61;8,08;1,97;0,08;0,96;-5,19;-16,76;-14,90;-2,06;6,41;16,05;20,51;22,18;23,95;23,22;20,54;-16,76;23,95;7,95;16,38;11,23;5,44;-8,97;10,23;22,47;9,46;2,23;15,01;13,81;-1,77;16,70;10,03;-0,55;-6,83;21,08;-5,64
16.05.2020;20,00;18,14;17,08;;16,43;14,95;14,54;14,94;16,00;15,71;13,39;10,08;10,85;13,27;11,86;8,87;11,24;11,03;14,50;20,39;26,09;28,58;29,42;26,50;23,08;8,87;29,42;16,47;17,91;15,11;12,51;11,31;18,00;26,90;16,96;13,94;16,86;16,51;11,91;19,97;15,01;11,52;11,41;25,68;11,03
15.05.2020;19,05;17,53;17,03;;17,07;17,07;19,71;24,08;27,39;27,97;23,00;22,65;21,60;19,96;18,63;18,45;18,00;18,00;19,99;22,05;24,92;25,90;25,25;21,85;18,86;17,03;27,97;20,99;17,67;22,06;23,81;18,76;21,24;22,97;21,08;21,27;17,91;19,87;21,28;20,90;25,61;20,71;18,61;23,14;19,88
14.05.2020;18,15;17,91;16,75;;16,96;18,17;19,03;23,33;29,25;29,48;27,44;24,28;23,00;21,32;19,50;19,62;19,30;19,84;23,42;26,90;28,99;30,08;27,06;25,20;21,89;16,75;30,08;22,78;17,44;22,45;26,05;19,94;24,79;26,06;22,79;23,59;17,83;19,94;22,99;21,98;27,38;22,03;20,55;26,69;21,17
13.05.2020;23,92;22,05;20,46;;19,97;20,16;22,58;32,09;43,68;43,09;35,80;35,79;34,00;32,44;30,49;28,80;28,72;28,33;34,88;34,73;34,88;33,50;29,87;23,91;20,06;19,97;43,68;30,34;21,60;29,63;37,17;30,11;33,21;26,84;29,76;33,50;21,52;25,61;33,64;26,02;38,67;33,18;30,18;29,49;31,71
12.05.2020;21,40;18,93;18,06;;17,05;16,84;19,30;26,53;33,36;26,68;24,00;22,54;22,00;20,00;18,03;17,03;17,05;17,10;21,53;25,28;27,83;28,76;26,52;25,15;23,60;16,84;33,36;22,18;18,86;24,01;23,81;18,03;22,94;26,01;22,27;21,59;18,60;21,43;20,92;22,96;27,64;20,64;18,18;26,19;19,44
11.05.2020;5,79;2,02;0,13;;-0,01;0,02;3,74;18,96;22,66;24,95;22,50;20,14;19,07;16,46;14,15;8,71;8,01;8,07;13,89;18,33;22,00;22,24;23,97;21,85;20,01;-0,01;24,95;14,13;1,98;11,35;21,67;11,83;15,57;22,02;14,07;16,36;1,95;6,66;16,75;11,78;22,27;17,46;9,67;21,40;14,42
10.05.2020;20,70;19,41;19,10;;18,29;16,43;16,00;15,00;12,76;14,01;13,77;12,64;12,46;11,72;6,00;2,36;0,93;2,97;6,23;12,10;14,51;14,73;14,99;14,70;10,10;0,93;20,70;12,28;19,38;15,05;13,22;5,25;8,95;13,63;12,58;9,14;18,32;17,21;9,24;16,02;13,89;10,71;3,12;13,52;7,69
09.05.2020;21,51;20,72;20,89;;21,01;22,00;21,73;21,11;21,11;21,06;20,24;18,79;19,01;18,38;16,93;16,02;14,75;16,05;21,11;26,97;36,61;33,99;28,28;26,41;22,93;14,75;36,61;21,70;21,03;21,49;19,78;16,52;25,19;27,90;21,98;20,49;21,31;21,26;18,15;23,47;20,88;18,28;16,98;29,20;17,31
08.05.2020;23,18;20,44;20,04;;20,09;20,83;22,61;26,95;30,09;26,80;22,99;20,35;19,01;17,89;16,00;15,04;16,26;19,30;22,47;26,96;36,93;41,62;30,71;29,33;24,90;15,04;41,62;23,20;20,94;25,12;22,29;16,30;26,42;31,64;23,78;21,67;21,20;23,03;19,29;25,90;26,71;18,31;18,27;31,74;17,43
07.05.2020;20,08;19,03;18,57;;18,50;18,48;19,07;23,01;25,03;24,98;21,54;19,70;19,06;17,06;16,75;17,34;18,32;19,00;20,39;26,91;48,95;50,98;35,45;27,93;25,80;16,75;50,98;23,36;19,05;21,40;21,32;17,37;28,81;35,04;23,83;22,50;18,96;20,22;19,34;25,16;23,64;18,14;18,76;36,00;18,04
06.05.2020;20,99;20,06;20,00;;19,04;17,04;20,10;24,95;29,20;26,96;24,22;21,16;20,34;20,28;18,07;16,41;16,27;16,69;18,79;22,94;24,96;25,42;24,97;24,68;22,14;16,27;29,20;21,20;20,02;22,82;23,17;17,76;20,85;24,30;21,49;20,59;19,54;21,42;20,46;22,38;26,33;19,96;17,04;24,19;18,76
05.05.2020;18,14;17,99;17,20;;18,05;18,07;20,08;23,20;27,61;26,06;22,35;19,92;21,02;20,27;19,10;17,16;16,12;17,31;20,42;24,10;28,75;32,41;27,34;25,34;23,24;16,12;32,41;21,48;17,85;22,24;22,34;18,16;22,65;27,08;21,72;21,05;18,26;20,04;20,25;22,39;24,81;20,08;17,75;26,86;18,93
04.05.2020;22,20;20,46;21,86;;20,70;20,14;22,99;34,05;48,53;55,13;40,04;27,86;25,07;22,96;20,74;19,02;19,58;19,81;22,39;24,24;27,92;28,97;25,99;22,51;19,89;19,02;55,13;26,39;21,31;31,43;37,03;20,58;23,59;24,34;26,38;27,06;21,39;26,37;28,80;25,69;44,44;24,16;20,20;24,92;22,54
03.05.2020;18,00;13,76;11,44;;11,15;11,82;13,37;11,56;10,94;10,00;9,40;9,70;10,00;10,00;7,06;5,84;5,57;7,14;10,21;20,05;24,97;28,69;28,96;25,37;22,33;5,57;28,96;13,46;13,59;11,92;9,78;7,12;15,59;26,34;14,06;10,83;13,26;12,76;8,45;17,28;10,48;9,19;7,19;25,06;8,03
02.05.2020;12,20;10,00;10,00;;8,00;8,00;8,00;7,20;8,00;10,30;10,55;10,70;11,28;10,01;7,35;5,65;5,25;5,66;8,50;17,93;25,51;28,04;26,37;24,38;20,49;5,25;28,04;12,17;10,05;7,80;10,71;7,07;14,40;24,82;12,47;10,72;9,37;8,93;8,89;14,22;9,01;9,84;6,27;23,79;8,37
01.05.2020;5,50;5,35;3,82;;2,63;1,56;2,46;2,54;1,50;-1,57;-2,43;-2,89;-2,47;0,35;-2,04;-2,06;-0,04;1,95;7,88;18,99;23,50;28,43;26,88;20,91;16,00;-2,89;28,43;5,77;4,33;2,02;-2,34;-0,95;13,08;23,06;6,53;3,26;3,55;3,17;-1,64;9,80;0,01;-1,76;1,93;22,45;-1,53
30.04.2020;17,55;15,57;14,05;;13,64;13,84;17,40;21,35;24,97;25,11;23,46;21,89;21,02;14,81;9,25;10,22;13,45;17,75;23,41;27,13;34,74;34,66;29,02;22,04;13,77;9,25;34,74;19,82;15,20;19,39;22,87;11,93;25,76;24,87;20,00;20,19;15,34;17,30;17,40;19,82;23,72;16,74;16,21;26,89;15,11
29.04.2020;19,04;17,58;17,09;;17,11;18,04;20,91;24,28;27,09;30,57;30,24;27,98;26,00;23,49;19,08;18,00;17,70;19,01;21,59;26,46;28,70;30,85;27,81;23,69;20,96;17,09;30,85;23,03;17,71;22,58;28,70;19,57;23,94;25,83;23,05;24,07;18,30;20,14;24,13;22,04;28,05;24,14;19,08;26,41;22,04
28.04.2020;22,21;20,27;20,42;;20,16;20,61;21,94;25,94;27,94;28,72;27,95;26,16;25,83;24,93;24,06;24,89;24,85;24,81;27,18;28,74;31,28;29,99;27,44;24,09;21,03;20,16;31,28;25,13;20,77;24,11;27,17;24,68;28,00;25,64;25,06;26,62;20,94;22,44;25,92;23,50;27,64;25,25;25,43;27,10;25,12
27.04.2020;20,84;21,11;19,08;;19,34;20,23;21,61;25,95;28,00;25,90;21,99;21,17;20,64;21,92;20,39;19,85;18,42;18,40;24,92;32,96;48,31;45,56;38,56;32,10;24,74;18,40;48,31;25,15;20,09;23,95;22,43;20,15;31,15;35,24;25,50;24,57;20,37;22,02;21,29;26,43;25,46;21,03;20,40;37,04;20,40
26.04.2020;22,30;19,79;20,76;;21,06;22,23;21,95;18,81;18,09;16,06;15,01;13,00;14,38;15,00;11,90;5,56;6,93;12,42;16,15;24,82;27,97;31,84;27,49;26,06;23,76;5,56;31,84;18,06;20,98;20,27;14,61;9,85;20,34;27,29;18,89;14,93;21,35;20,62;12,23;22,85;16,99;13,57;10,27;26,99;11,13
25.04.2020;12,90;9,07;12,61;;14,42;14,48;14,03;14,88;15,09;18,70;16,63;16,03;16,30;15,08;12,25;7,76;7,99;10,07;16,62;23,51;26,70;32,00;29,77;25,69;22,11;7,76;32,00;16,50;12,25;14,62;16,92;10,77;19,23;27,39;16,86;15,64;12,92;13,44;13,84;18,09;16,33;14,92;10,61;26,63;12,57
24.04.2020;23,87;21,63;21,54;;21,54;20,93;22,00;26,69;35,85;31,00;21,84;20,00;18,45;16,15;14,55;12,02;10,00;11,81;15,62;19,97;22,27;22,50;21,98;23,00;20,40;10,00;35,85;20,03;22,15;26,37;22,82;13,18;17,42;21,97;20,65;17,81;21,92;24,26;18,00;23,49;28,85;17,29;12,36;21,69;15,20
23.04.2020;20,10;19,68;18,38;;20,07;20,60;22,34;33,70;42,03;38,48;23,72;18,18;17,40;16,95;16,63;14,95;14,97;18,11;25,07;34,51;58,95;69,68;38,62;34,43;28,60;14,95;69,68;26,90;19,56;29,67;24,45;15,88;34,16;42,83;27,76;24,83;20,20;24,61;20,16;30,69;34,48;17,29;18,28;44,13;16,51
22.04.2020;4,39;4,12;3,50;;4,14;4,57;6,00;14,92;23,39;19,81;10,57;6,77;6,10;-0,56;-24,97;-29,98;-5,76;4,07;8,59;18,05;24,57;25,54;22,19;20,01;19,00;-29,98;25,54;6,73;4,04;12,22;10,81;-15,32;13,82;21,69;7,88;3,11;4,45;8,13;-2,25;12,65;17,17;-3,17;-5,77;21,56;-8,07
21.04.2020;4,65;4,31;3,69;;-0,59;3,72;4,73;10,00;16,13;16,52;7,92;-19,21;-69,05;-79,74;-80,09;-83,94;-80,02;-78,09;-23,12;5,53;10,99;10,99;11,17;7,60;8,31;-83,94;16,52;-20,56;3,02;8,65;-15,96;-80,95;-21,17;9,52;-16,15;-39,36;3,42;5,83;-48,45;7,06;12,64;-62,02;-66,29;9,10;-68,68
20.04.2020;4,43;4,38;3,69;;0,66;0,03;4,78;18,00;22,82;22,93;16,07;11,72;5,46;-4,98;-29,70;-44,25;-39,49;-23,71;4,01;16,38;17,81;18,38;14,05;10,28;4,85;-44,25;22,93;0,47;3,29;11,41;14,05;-29,61;3,62;11,89;2,44;-3,98;3,00;7,35;-7,78;8,86;19,96;-4,38;-25,86;13,63;-16,87
19.04.2020;16,51;13,71;12,12;;9,30;10,98;11,31;11,66;11,16;14,01;12,47;10,88;8,39;9,21;0,03;-18,50;-26,00;-11,84;4,99;11,20;15,42;15,59;12,73;12,34;10,19;-26,00;16,51;6,18;12,91;11,28;11,44;-8,82;4,94;12,71;7,41;2,52;12,32;12,09;1,31;12,30;12,33;7,13;-12,84;12,91;-2,67
18.04.2020;22,10;20,13;18,78;;18,10;18,55;19,07;21,62;23,82;23,87;24,33;17,30;16,63;16,80;12,84;12,32;12,77;15,05;24,13;25,99;29,42;28,66;23,81;21,16;18,38;12,32;29,42;19,96;19,78;20,77;20,53;13,68;23,65;23,00;20,23;19,29;19,46;20,27;17,11;21,18;23,41;15,89;16,07;24,57;14,78
17.04.2020;22,08;21,58;21,06;;21,99;22,44;24,41;32,93;47,84;44,81;26,41;24,90;23,87;20,44;18,07;18,54;21,87;21,75;25,15;36,76;48,75;42,77;32,38;24,92;20,76;18,07;48,75;27,52;21,68;31,91;30,00;19,73;33,10;30,21;27,77;27,61;22,26;26,79;24,86;27,93;38,00;21,82;21,83;34,39;21,28
16.04.2020;20,81;20,61;21,02;;21,10;21,10;23,73;26,96;35,01;30,98;25,00;21,50;19,49;16,23;15,29;15,10;16,29;19,32;24,99;29,34;46,39;53,25;33,37;27,01;23,71;15,10;53,25;24,63;20,89;26,70;24,24;15,73;30,01;34,34;25,32;23,33;21,40;23,79;19,99;27,31;29,49;18,13;18,93;35,51;17,32
15.04.2020;19,87;17,08;17,00;;16,37;16,57;19,10;25,15;26,09;24,99;21,20;14,29;14,16;8,07;8,00;4,46;8,05;12,13;21,85;27,34;37,84;41,91;31,34;26,25;24,99;4,46;41,91;19,26;17,58;21,73;18,66;7,15;24,79;31,12;20,17;16,87;17,67;19,65;12,90;23,48;24,36;11,13;11,62;31,61;9,51
14.04.2020;3,79;4,40;3,90;;3,96;4,60;15,88;25,24;32,74;31,14;23,68;21,86;19,73;17,13;16,12;13,54;15,03;19,10;23,15;26,82;33,38;39,91;31,45;26,77;24,28;3,79;39,91;19,94;4,01;19,62;24,10;15,46;25,61;30,60;19,90;21,72;6,09;11,81;19,78;18,08;28,20;18,71;17,71;30,44;17,24
13.04.2020;10,34;0,07;1,72;;0,77;0,02;-0,09;-2,35;-5,00;-5,91;-4,94;-5,09;-19,91;-55,62;-70,10;-78,00;-78,15;-74,97;-39,94;-1,77;11,21;9,76;6,45;9,29;9,02;-78,15;11,21;-19,57;3,23;-1,86;-8,96;-70,47;-26,37;8,63;-15,97;-35,27;2,14;0,69;-39,72;3,33;-4,55;-37,68;-67,77;7,33;-51,15
12.04.2020;21,80;19,01;16,71;;14,38;14,06;15,02;15,74;16,00;14,06;9,99;5,18;4,93;4,98;1,84;0,00;0,17;3,00;4,14;18,13;25,17;24,82;21,97;19,50;8,20;0,00;25,17;11,28;17,98;15,21;8,54;1,75;12,61;18,62;12,45;7,63;16,83;16,59;5,14;17,27;13,95;4,23;1,83;19,63;2,85
11.04.2020;24,19;21,84;20,10;;21,11;23,01;24,72;24,92;25,16;25,04;20,82;14,30;11,59;12,33;8,60;5,10;7,28;14,01;20,00;28,97;35,11;35,95;29,66;24,91;21,82;5,10;35,95;19,70;21,81;24,45;17,94;8,33;24,52;28,09;20,86;16,93;22,50;23,13;13,13;24,78;23,99;11,71;11,60;29,40;9,87
10.04.2020;25,11;25,02;22,00;;24,59;26,37;26,86;27,06;28,57;28,00;24,58;18,04;17,06;13,97;10,55;9,16;10,03;14,00;24,54;27,00;31,43;34,83;31,57;29,81;25,18;9,16;34,83;21,92;24,18;27,22;21,92;10,93;24,24;30,35;23,14;19,03;24,99;25,70;16,42;27,25;27,05;14,91;14,43;29,97;13,14
09.04.2020;22,66;21,30;21,08;;20,90;20,51;22,68;27,66;29,70;29,53;25,21;22,43;21,26;19,42;17,40;13,19;16,41;17,88;23,18;26,58;30,92;31,43;30,00;27,92;25,00;13,19;31,43;23,08;21,49;25,14;24,61;16,61;24,64;28,59;23,51;21,95;21,52;23,31;20,61;25,07;28,03;20,13;17,67;28,64;18,35
08.04.2020;21,17;20,53;19,72;;19,87;20,09;23,15;29,33;29,70;29,08;25,91;21,95;21,69;19,08;17,92;17,57;19,54;21,55;25,90;35,31;49,12;50,33;39,03;31,41;27,34;17,57;50,33;25,97;20,32;25,57;24,66;18,53;32,97;37,03;26,51;25,39;20,76;22,95;21,59;27,64;28,51;20,16;21,14;38,76;19,63
07.04.2020;20,05;19,97;20,61;;20,48;21,65;23,86;31,98;34,91;31,32;23,66;19,19;18,05;17,55;13,52;12,89;15,48;18,00;22,66;31,42;40,10;37,31;27,40;23,84;19,05;12,89;40,10;22,80;20,28;28,10;23,06;14,86;28,05;26,90;23,54;21,99;21,10;24,19;18,96;25,09;30,47;17,08;17,26;29,85;16,11
06.04.2020;6,66;4,28;6,34;;3,70;3,66;5,09;11,89;21,81;21,63;18,73;14,54;11,19;14,02;10,55;10,00;11,83;14,83;21,68;31,01;43,33;45,33;30,86;28,92;24,17;3,66;45,33;17,06;5,25;10,61;16,52;11,60;27,71;32,32;17,34;18,61;4,96;7,93;14,06;16,06;18,52;12,58;14,59;33,94;12,02
05.04.2020;17,99;11,40;9,82;;9,90;8,17;5,26;5,53;5,50;8,05;5,77;4,55;1,36;-1,85;-31,95;-50,26;-30,29;-4,95;4,48;16,51;19,90;18,48;10,39;11,95;8,65;-50,26;19,90;0,37;12,28;6,12;4,93;-28,59;8,99;12,37;2,68;-4,89;10,42;9,20;-11,83;10,25;6,21;-6,97;-20,26;14,31;-18,07
04.04.2020;25,10;22,99;21,10;;20,10;19,80;19,60;21,79;22,97;21,97;19,00;14,98;13,06;14,28;10,82;10,00;9,88;15,74;21,51;26,84;36,75;32,67;23,93;21,54;17,07;9,88;36,75;19,64;22,32;21,04;17,25;11,25;25,21;23,80;20,15;17,90;21,45;21,68;14,25;22,39;21,43;13,29;14,28;26,47;12,17
03.04.2020;21,69;18,93;18,15;;18,19;18,47;18,45;23,76;26,10;26,45;25,50;23,03;21,04;20,24;17,70;17,08;17,03;17,07;19,98;25,57;28,44;33,54;27,23;29,15;28,00;17,03;33,54;22,49;19,24;21,70;24,01;18,01;22,77;29,48;22,53;21,59;18,98;20,47;21,01;23,47;25,45;20,50;17,79;28,66;19,35
02.04.2020;24,18;22,93;21,80;;20,96;20,80;22,56;25,31;27,31;27,80;25,00;21,10;18,65;12,42;9,06;4,64;4,62;6,65;17,20;22,71;25,82;27,30;24,47;25,00;20,55;4,62;27,80;19,39;22,47;24,00;23,14;7,69;18,10;24,33;19,95;16,31;22,21;23,23;15,41;23,60;26,36;15,31;8,28;24,31;11,75
01.04.2020;22,26;20,22;19,67;;19,25;19,31;20,76;25,43;27,21;27,96;25,50;21,97;20,27;19,35;18,25;17,30;18,09;19,11;22,01;26,90;31,27;34,97;28,94;28,31;26,35;17,30;34,97;23,12;20,35;23,18;23,93;18,25;24,82;29,64;23,36;22,33;20,25;21,76;21,09;24,39;26,53;19,96;19,13;29,46;19,21
31.03.2020;23,39;19,69;19,91;;19,59;19,01;23,95;30,97;42,30;35,11;25,75;23,94;19,78;20,00;18,39;17,50;17,60;17,86;24,03;31,44;42,66;33,53;26,97;26,61;24,10;17,50;42,66;24,90;20,65;29,06;26,15;18,37;29,00;27,80;25,17;24,51;20,92;24,85;22,26;25,84;33,53;20,53;19,25;30,89;19,54
30.03.2020;18,10;17,81;19,65;;17,61;16,99;19,94;24,94;31,44;30,94;26,11;22,40;21,09;21,09;19,12;17,07;15,80;15,50;21,52;27,94;38,93;35,70;28,60;27,01;24,38;15,50;38,93;23,08;18,29;23,33;25,14;18,27;25,97;28,92;23,32;23,13;18,35;20,81;21,70;23,51;28,36;20,93;17,47;30,43;19,43
29.03.2020;11,76;11,05;;;6,60;3,32;1,55;0,08;0,96;2,59;2,93;-0,03;-0,08;-1,13;-10,87;-15,80;-10,79;-5,98;0,08;7,81;16,99;17,90;17,45;20,14;20,59;-15,80;20,59;3,69;9,80;1,48;1,35;-9,65;4,73;19,02;4,22;-1,19;6,86;5,05;-4,15;10,13;1,64;-3,03;-8,12;16,81;-6,45
28.03.2020;21,93;21,09;21,67;;19,38;18,80;18,44;18,96;18,91;17,22;13,08;9,90;6,51;5,12;1,00;-0,72;0,02;5,77;17,14;19,97;21,93;17,02;16,39;16,27;16,00;-0,72;21,93;13,44;21,02;18,78;11,68;1,36;16,20;16,42;14,24;9,75;20,22;19,90;6,52;18,74;17,04;5,63;5,55;17,93;3,64
27.03.2020;21,26;19,00;18,54;;18,25;18,50;20,60;24,65;26,95;25,91;22,67;19,98;18,47;18,50;16,00;15,64;17,44;18,08;21,80;26,72;30,00;24,94;23,19;24,91;25,16;15,64;30,00;21,16;19,26;22,68;21,76;16,90;24,15;24,55;21,55;20,93;19,36;20,97;19,33;22,16;25,05;18,24;18,24;25,82;17,67
26.03.2020;19,68;18,39;19,10;;18,39;18,32;19,80;22,20;25,53;25,00;21,32;19,11;18,16;17,67;15,32;16,82;18,19;18,90;27,29;33,87;34,64;30,09;26,27;25,50;23,94;15,32;34,64;21,83;18,89;21,46;20,90;17,00;28,68;26,45;22,23;22,19;18,95;20,18;18,95;22,27;23,51;17,57;20,30;29,05;17,55
25.03.2020;19,29;19,21;19,50;;19,33;19,26;21,51;25,84;29,15;27,64;23,62;20,05;19,57;19,97;19,05;18,70;17,57;19,96;27,09;34,88;34,48;28,09;24,51;24,02;21,18;17,57;34,88;22,85;19,33;23,94;22,72;18,82;29,10;24,45;23,06;23,55;19,68;21,64;20,77;22,57;26,56;19,66;20,83;27,86;19,15
24.03.2020;16,63;17,55;16,53;;16,81;17,60;19,80;23,63;25,88;20,35;17,50;14,16;15,08;14,30;13,00;14,33;16,65;19,79;27,75;33,80;33,78;29,65;22,98;22,98;20,31;13,00;33,80;19,96;16,88;21,73;16,77;14,57;28,78;23,98;20,45;20,04;17,49;19,30;15,67;20,86;21,84;14,14;19,63;27,25;14,59
23.03.2020;12,07;10,00;10,17;;9,28;9,28;12,76;20,00;23,99;20,08;15,84;10,66;10,70;10,62;10,92;12,07;12,01;17,40;25,95;30,67;33,14;27,99;21,97;21,84;18,18;9,28;33,14;16,64;10,38;16,51;14,32;11,41;26,79;22,50;16,98;17,51;10,59;13,44;12,86;16,46;19,98;10,73;16,86;25,63;11,16
22.03.2020;7,51;7,51;7,24;;6,25;6,09;6,24;6,06;5,68;2,94;-3,63;-20,80;-25,10;-38,48;-55,05;-36,63;-11,98;0,02;11,04;19,78;22,93;19,45;14,36;14,79;11,05;-55,05;22,93;-3,84;7,13;6,02;-11,65;-35,54;13,44;14,91;-0,95;-11,25;6,81;6,57;-23,59;9,35;2,76;-34,86;-9,39;17,06;-31,34
21.03.2020;18,23;13,97;11,16;;9,43;8,94;9,50;7,74;10,80;15,05;8,64;7,51;7,18;7,13;6,17;0,39;5,70;8,30;15,01;20,00;20,12;15,34;9,29;11,29;10,79;0,39;20,12;10,69;13,20;9,25;9,60;4,85;15,86;11,68;10,74;10,10;11,87;11,22;7,22;11,37;10,56;7,00;7,35;14,47;5,68
20.03.2020;25,18;20,00;20,87;;20,72;25,00;26,45;31,90;35,00;33,88;28,08;25,99;25,36;22,85;21,59;20,38;22,72;25,03;27,72;29,58;28,92;25,06;20,05;21,02;19,90;19,90;35,00;25,21;21,69;29,59;28,33;21,89;27,81;21,51;25,14;26,01;23,04;25,64;25,11;24,26;32,22;23,95;23,96;24,09;23,15
19.03.2020;26,67;24,00;22,99;;22,16;22,26;26,00;30,25;33,98;32,06;28,75;25,04;24,93;22,83;22,99;24,92;27,90;30,57;33,73;40,20;44,42;34,48;31,65;28,70;27,10;22,16;44,42;28,87;23,96;28,12;27,70;24,66;37,23;30,48;28,69;29,86;24,01;26,04;26,18;27,52;31,26;23,95;29,28;34,43;24,77
18.03.2020;22,02;21,73;20,76;;20,77;20,73;21,06;24,69;30,59;29,79;22,99;20,40;20,64;20,34;20,74;21,80;24,76;28,62;33,00;37,56;41,07;35,40;33,70;31,83;29,06;20,34;41,07;26,25;21,32;24,27;23,46;21,91;35,06;32,50;26,42;26,81;21,18;22,79;22,68;26,03;27,02;20,53;27,05;34,77;21,45
17.03.2020;25,54;23,49;23,06;;22,71;23,00;23,87;30,48;35,17;34,39;31,37;28,89;24,02;25,55;23,90;24,61;24,02;26,09;30,04;35,93;38,23;35,21;31,00;29,85;25,97;22,71;38,23;28,11;23,70;28,13;29,67;24,52;32,57;30,51;28,18;28,92;23,61;25,92;27,09;27,45;32,85;25,59;26,19;32,70;25,17
16.03.2020;20,01;20,13;20,04;;20,00;19,92;22,40;33,85;38,34;36,92;32,13;28,00;25,88;24,83;25,00;25,23;27,10;30,77;37,25;54,93;61,96;43,10;35,99;34,56;30,24;19,92;61,96;31,45;20,05;28,63;30,73;25,54;46,23;35,97;31,19;34,17;20,42;24,34;28,14;28,22;35,31;25,93;30,09;43,46;26,01
15.03.2020;14,23;7,24;6,69;;5,98;5,97;4,34;4,34;0,05;0,08;-0,01;-2,02;-8,79;-33,67;-33,80;-29,05;-4,96;0,07;13,13;26,00;29,96;26,44;25,23;30,18;23,93;-33,80;30,18;1,42;8,54;3,68;-2,69;-25,37;17,29;26,45;4,65;-3,59;7,41;6,11;-14,03;12,89;1,12;-19,57;-5,20;26,96;-18,72
14.03.2020;34,29;32,04;31,43;;29,05;29,27;31,15;34,61;34,90;34,83;34,94;29,13;26,96;26,01;23,81;22,62;24,87;25,80;34,82;37,17;38,53;32,79;27,42;26,02;23,95;22,62;38,53;30,10;31,70;32,48;31,47;24,33;34,08;27,55;30,27;29,96;31,21;32,09;27,90;30,58;34,82;26,48;27,03;30,98;25,57
13.03.2020;7,59;6,99;2,48;;2,95;2,58;7,96;21,83;24,94;13,99;4,02;0,09;10,69;4,08;0,12;0,01;4,68;21,37;32,65;37,70;42,50;38,41;36,93;36,99;35,35;0,01;42,50;15,84;5,00;14,33;7,20;2,22;33,56;36,92;16,54;14,33;5,09;9,67;4,71;18,75;16,20;3,75;14,68;37,98;3,28
12.03.2020;7,37;1,79;0,06;;0,01;-1,58;0,13;10,64;19,98;18,05;9,18;-0,01;-0,05;0,03;0,56;0,08;12,73;23,60;27,45;37,00;39,63;31,76;24,50;23,26;7,50;-1,58;39,63;11,99;2,31;7,29;6,79;3,35;31,92;21,76;12,24;14,02;1,30;4,80;5,07;10,45;14,46;0,13;15,97;27,28;2,22
11.03.2020;-0,05;0,07;0,10;;0,13;5,58;21,13;26,87;33,94;37,17;34,27;33,07;29,20;25,97;24,06;23,73;24,90;26,66;33,80;37,00;37,99;28,10;24,39;23,84;12,58;-0,05;37,99;23,11;0,06;21,88;33,43;24,67;33,86;22,23;22,69;30,65;4,49;10,97;29,05;14,72;33,06;28,08;27,27;27,32;26,82
10.03.2020;24,06;23,70;21,77;;15,91;13,06;15,80;24,23;29,00;30,19;31,08;30,10;31,77;30,55;30,00;29,69;24,84;22,64;24,27;28,17;27,37;24,04;11,79;9,03;4,93;4,93;31,77;23,46;21,36;20,52;30,79;28,77;25,61;12,45;23,25;28,39;19,05;20,94;29,78;18,11;28,63;30,61;25,36;17,56;29,49
09.03.2020;25,02;25,00;25,09;;24,77;24,47;25,30;37,10;46,99;50,27;45,65;40,44;40,35;36,88;35,49;33,75;36,75;39,30;46,35;54,57;58,98;40,50;35,98;34,97;26,75;24,47;58,98;37,97;24,97;33,47;44,18;35,72;49,80;34,55;37,11;43,23;24,94;29,22;39,95;31,00;45,00;38,29;39,04;41,96;37,28
08.03.2020;20,80;16,82;12,22;;9,24;8,74;8,93;8,67;9,78;9,66;9,38;9,73;9,40;8,93;8,43;8,77;11,01;19,19;25,71;31,97;34,86;34,02;31,90;31,99;30,41;8,43;34,86;16,35;14,77;9,03;9,54;9,29;27,93;32,08;17,11;15,59;12,79;11,90;9,41;18,63;9,37;9,12;16,17;32,53;9,38
07.03.2020;31,01;25,50;24,51;;24,03;24,47;24,41;26,25;30,40;33,58;35,00;30,40;28,10;26,08;25,06;24,94;25,00;29,54;35,79;38,80;39,95;35,00;27,17;28,24;24,90;24,03;39,95;29,06;26,26;26,38;31,77;25,27;36,02;28,83;29,09;31,02;25,66;26,32;28,52;27,16;31,31;27,41;28,82;32,34;26,60
06.03.2020;24,55;22,96;21,00;;19,99;20,22;24,10;28,80;33,41;35,90;35,10;34,68;36,03;35,00;32,64;31,67;29,06;29,80;35,00;37,30;38,04;35,46;31,71;30,50;28,54;19,99;38,04;30,68;22,13;26,63;35,43;32,09;35,04;31,55;30,48;34,19;22,14;24,38;33,76;26,77;33,30;34,59;31,38;33,59;33,18
05.03.2020;30,24;29,08;28,60;;29,01;30,10;31,55;37,91;45,61;54,64;49,78;42,09;40,99;41,97;40,51;37,94;36,75;37,03;38,91;36,90;35,82;30,24;27,85;26,90;25,30;25,30;54,64;36,57;29,23;36,29;46,88;39,29;37,17;27,57;36,07;41,11;29,76;32,76;43,08;31,03;46,99;41,39;37,66;30,50;40,04
04.03.2020;30,10;28,10;27,08;;26,80;26,80;30,05;36,51;47,20;54,75;50,32;44,23;41,09;37,90;35,97;35,00;35,88;39,50;48,49;64,70;63,34;43,58;37,53;33,92;31,82;26,80;64,70;40,42;28,02;35,14;47,60;36,19;54,01;36,71;39,61;45,93;28,16;31,58;41,89;33,29;47,20;39,80;39,72;45,82;38,35
03.03.2020;26,04;25,04;24,53;;24,10;24,45;28,50;35,68;42,30;45,60;41,68;37,97;34,83;31,82;33,96;35,93;37,66;39,84;41,73;55,98;56,90;40,93;38,19;35,03;31,29;24,10;56,90;36,62;24,93;32,73;40,02;34,84;48,61;36,36;36,25;41,16;25,44;28,83;37,43;31,34;41,32;34,65;38,79;43,05;35,36
02.03.2020;24,31;23,30;21,71;;19,20;19,15;23,53;30,91;37,00;39,92;36,94;36,71;37,03;35,13;35,35;34,74;36,79;38,93;41,09;49,50;43,92;37,75;33,54;30,88;28,97;19,15;49,50;33,37;22,13;27,65;37,65;35,50;43,36;32,79;33,18;38,84;21,87;24,89;36,58;27,52;36,19;36,06;37,89;37,43;35,96
01.03.2020;-4,92;-3,88;-6,98;;-3,88;-1,02;-1,03;-5,30;-3,89;-0,05;-0,23;-4,03;-2,16;-6,97;-7,85;-5,06;0,03;15,11;33,07;34,70;36,12;31,49;26,10;27,76;24,24;-7,85;36,12;5,65;-4,92;-2,81;-1,62;-4,96;29,75;27,40;7,14;7,72;-3,62;-3,86;-3,29;6,56;-2,37;-5,25;10,79;30,07;-4,34
29.02.2020;0,40;3,11;9,42;;9,49;9,39;8,67;10,18;11,56;12,99;14,01;12,36;9,97;6,71;4,22;4,21;7,63;5,22;12,25;13,92;12,78;8,06;7,38;10,41;9,51;0,40;14,01;8,92;5,61;9,95;12,33;5,69;11,04;8,84;8,91;9,69;6,75;7,78;9,01;8,13;12,19;8,32;7,33;10,34;7,52
28.02.2020;29,54;26,70;25,34;;24,87;24,87;27,30;34,97;40,74;43,88;40,12;37,81;32,50;26,55;26,00;26,12;27,10;34,01;37,49;38,95;35,34;27,77;27,06;26,14;23,79;23,79;43,88;31,24;26,61;31,97;38,58;26,44;36,45;26,19;31,04;33,82;26,44;29,29;32,51;28,26;39,93;30,72;31,18;29,84;29,35
27.02.2020;31,57;28,54;27,04;;25,17;25,45;28,81;36,80;42,28;44,42;42,41;40,15;40,05;38,82;39,81;43,71;45,19;45,71;51,52;59,98;48,06;39,13;35,68;33,77;28,54;25,17;59,98;39,27;28,08;33,34;41,76;41,88;51,32;34,28;38,44;44,99;27,76;30,71;41,82;31,90;41,48;39,71;46,53;40,86;41,29
26.02.2020;25,56;25,20;24,35;;23,53;24,08;25,01;31,24;36,34;37,64;37,01;34,02;33,13;32,10;30,45;28,14;30,17;32,97;37,72;38,46;42,17;36,71;33,83;32,08;28,20;23,53;42,17;31,94;24,66;29,17;35,45;30,22;37,83;32,71;31,67;34,50;24,62;26,91;32,83;28,84;35,56;32,43;32,25;35,24;31,34
25.02.2020;9,92;8,22;7,09;;7,03;9,52;11,62;25,84;31,66;32,69;30,69;26,68;27,70;26,30;25,09;23,44;23,56;25,80;28,46;35,97;39,49;35,21;30,10;29,90;26,46;7,03;39,49;24,25;8,07;19,66;29,44;24,60;32,43;30,42;24,10;28,82;8,90;13,86;27,02;19,38;30,22;26,44;25,32;32,86;25,46
24.02.2020;-0,08;0,09;1,28;;5,38;18,44;26,61;35,91;43,00;47,96;46,42;45,27;45,10;42,28;40,20;38,41;35,98;32,07;31,00;36,10;35,08;28,62;21,68;16,38;10,48;-0,08;47,96;29,64;1,67;30,99;46,19;39,22;33,56;19,29;28,49;39,66;8,62;16,33;42,70;17,32;43,32;43,21;34,37;24,72;41,21
23.02.2020;-4,87;-2,99;-2,62;;-4,89;-3,76;-0,07;-1,57;-2,44;0,87;14,14;17,10;23,57;22,76;15,03;9,05;8,71;8,51;10,25;15,77;10,25;8,60;8,34;8,94;8,18;-4,89;23,57;6,95;-3,84;-1,96;13,92;13,89;11,20;8,52;6,95;13,00;-3,20;-2,90;13,90;0,90;2,75;19,62;9,13;10,01;16,04
22.02.2020;8,02;0,12;0,10;;0,00;-2,99;-2,46;-7,99;-0,94;-0,02;-0,57;-4,95;-9,83;-5,10;-10,93;-9,94;-4,01;0,52;0,98;8,76;5,01;0,06;-0,09;0,04;0,00;-10,93;8,76;-1,75;2,06;-3,60;-3,84;-7,50;3,82;0,00;-1,51;-2,51;0,47;-0,77;-5,67;-0,51;-2,38;-7,70;-3,11;2,30;-7,46
21.02.2020;8,67;7,60;7,37;;7,94;10,78;24,00;29,88;38,08;39,13;33,10;28,60;27,07;24,87;23,06;24,81;25,64;28,68;32,92;36,76;37,71;29,64;25,91;24,57;7,08;7,08;39,13;24,66;7,90;25,69;31,98;24,60;34,02;21,80;24,33;30,20;11,06;16,79;28,29;18,46;35,05;25,90;28,01;26,95;25,68
20.02.2020;26,45;25,01;24,56;;24,10;24,20;24,95;34,65;37,79;40,21;36,97;34,41;34,49;32,58;30,11;28,30;25,95;28,22;31,11;34,98;33,33;25,77;23,31;18,77;8,03;8,03;40,21;28,87;25,03;30,40;36,52;29,24;31,91;18,97;28,68;32,56;24,88;27,71;32,88;24,80;37,41;32,90;28,40;24,03;30,97
19.02.2020;23,00;22,60;20,18;;19,48;22,08;25,52;29,62;36,53;38,98;38,99;37,00;34,00;27,69;25,68;25,09;26,85;32,75;36,93;44,65;43,38;36,94;33,91;32,10;27,91;19,48;44,65;30,94;21,32;28,44;37,24;26,33;39,43;32,72;30,91;34,33;22,14;24,88;31,79;27,49;36,03;31,09;30,41;36,48;29,39
18.02.2020;20,64;13,11;9,00;;8,58;8,94;15,44;26,14;35,93;34,55;26,62;11,73;10,91;10,46;10,47;11,34;24,81;29,14;34,96;38,88;38,51;32,40;25,82;25,21;21,22;8,58;38,88;21,63;12,83;21,61;20,95;14,27;35,37;26,16;21,87;23,53;12,62;17,22;17,61;20,20;30,81;10,89;25,06;30,34;13,29
17.02.2020;-25,04;-27,53;-21,99;;-12,05;-4,95;-0,08;22,91;30,06;36,44;33,57;29,80;29,80;29,76;27,35;27,69;32,38;34,01;36,70;36,79;36,95;32,27;24,86;18,44;9,78;-27,53;36,95;19,05;-21,65;11,99;32,40;29,30;36,11;21,34;18,25;32,60;-15,27;-4,83;30,85;3,89;30,75;29,18;32,70;26,52;29,46
16.02.2020;-5,90;-8,65;-4,93;;-4,99;-5,76;-6,91;-8,51;-4,96;-0,08;-1,36;-8,46;-6,55;-15,24;-20,88;-21,02;-32,14;-19,26;-8,02;-2,50;-3,72;-4,96;-3,39;0,74;-1,13;-32,14;0,74;-8,43;-6,12;-6,54;-4,11;-22,32;-8,38;-2,19;-8,27;-11,60;-6,19;-6,33;-13,22;-4,95;-3,73;-12,78;-20,11;-2,49;-17,38
15.02.2020;28,20;27,06;26,20;;24,31;23,20;23,14;20,99;23,19;25,71;31,49;27,41;22,96;21,29;18,83;15,58;22,92;22,99;24,24;25,12;21,80;8,27;1,58;3,97;0,02;0,02;31,49;20,42;26,44;22,63;26,89;19,66;23,54;3,46;20,44;23,36;25,35;24,54;23,27;17,51;25,35;22,62;21,43;10,13;21,50
14.02.2020;27,36;27,09;27,00;;25,03;26,20;27,04;38,30;44,86;56,74;49,39;43,93;41,44;39,28;37,19;36,98;37,88;39,25;42,50;43,61;39,31;33,86;28,35;27,05;25,19;25,03;56,74;36,84;26,62;34,10;47,88;37,83;41,17;28,61;36,03;42,29;26,62;30,36;42,85;29,78;47,32;40,46;39,15;32,90;39,45
13.02.2020;25,53;25,91;24,37;;24,31;22,80;26,41;39,37;58,88;53,48;48,17;40,50;38,13;36,94;35,97;35,73;36,02;37,76;43,00;53,03;44,83;41,96;39,53;37,93;31,57;22,80;58,88;38,34;25,03;36,87;45,07;36,17;44,66;37,75;37,59;41,96;24,89;30,95;40,62;33,21;49,98;37,89;38,13;41,48;37,22
12.02.2020;3,12;0,88;0,07;;0,08;5,29;12,94;20,93;34,24;32,01;24,17;22,31;17,90;13,69;14,02;13,88;22,98;27,87;31,20;37,45;33,19;31,23;26,53;24,16;16,93;0,07;37,45;19,29;1,04;18,35;24,10;16,14;32,43;24,71;19,46;24,22;3,73;9,69;20,12;14,70;27,84;16,98;23,98;28,25;17,46
11.02.2020;10,96;4,83;0,11;;-0,08;-1,86;1,39;11,68;14,95;14,95;13,24;13,11;13,00;12,85;12,77;13,00;12,94;13,67;23,98;24,55;24,54;12,94;12,22;12,04;7,10;-1,86;24,55;11,72;3,96;6,54;13,58;12,89;21,69;11,08;11,62;16,05;2,56;5,25;13,23;7,19;13,71;12,93;15,90;15,57;12,95
10.02.2020;-4,97;-15,89;-15,11;;-16,16;-14,93;-2,00;0,41;14,11;21,38;13,20;12,54;12,57;12,01;11,99;11,98;12,24;12,77;23,14;24,96;25,69;19,93;12,47;11,97;4,86;-16,16;25,69;8,24;-13,03;-0,60;14,92;12,06;21,64;12,31;7,88;16,21;-11,51;-6,82;13,49;-0,44;12,28;12,28;15,03;16,65;12,22
09.02.2020;23,06;14,93;12,80;;9,18;7,54;4,24;3,85;5,06;1,72;-0,07;-4,94;-3,81;-8,80;-16,95;-13,64;-2,96;-0,10;0,52;11,97;5,22;-4,01;-3,04;-0,08;-4,10;-16,95;23,06;0,68;14,99;5,17;-1,78;-10,59;4,40;-2,81;1,57;-2,65;11,96;10,08;-6,18;5,79;2,64;-8,63;-4,05;0,99;-8,52
08.02.2020;25,21;24,28;23,98;;22,90;21,75;20,12;22,34;25,54;28,05;29,07;26,87;26,74;25,00;25,61;26,80;29,92;37,60;39,50;41,30;38,71;31,29;26,84;27,39;26,40;20,12;41,30;27,79;24,09;22,44;27,68;26,83;39,28;27,98;28,05;31,26;23,04;23,27;27,26;24,84;26,25;26,06;33,46;31,99;26,82
07.02.2020;33,32;32,18;32,03;;31,44;32,17;33,71;40,68;47,87;56,96;47,00;41,81;38,52;37,78;34,68;33,09;38,29;39,08;40,96;39,93;35,47;32,23;27,93;27,35;26,00;26,00;56,96;37,08;32,24;38,61;46,07;35,96;38,86;28,38;36,69;40,30;32,48;35,43;41,02;33,08;48,13;38,20;37,86;31,49;37,36
06.02.2020;26,51;25,35;24,47;;24,44;25,25;27,97;32,96;43,15;44,88;42,90;42,19;40,81;39,25;38,01;37,94;38,06;39,09;45,95;46,83;47,21;43,63;37,98;37,66;33,58;24,44;47,21;37,52;25,19;32,33;42,70;38,32;44,77;38,21;36,92;41,93;25,67;28,76;40,51;31,91;40,97;40,07;40,26;41,15;39,38
05.02.2020;25,44;25,00;24,43;;23,63;24,83;26,62;37,54;44,91;49,16;44,78;41,37;40,00;37,07;35,16;35,17;37,13;40,25;45,45;45,83;45,66;41,74;35,92;31,99;29,70;23,63;49,16;36,87;24,63;33,48;43,83;36,13;44,30;34,84;36,20;41,42;24,99;29,05;39,98;30,98;44,10;38,40;39,50;38,47;37,65
04.02.2020;20,79;17,41;16,24;;12,96;13,42;15,88;24,88;29,70;35,01;33,48;29,90;29,03;27,07;26,43;27,02;29,05;31,42;39,92;41,30;40,92;39,75;30,13;30,36;26,94;12,96;41,30;27,79;16,85;20,97;31,86;27,39;38,39;31,80;27,88;32,55;16,12;18,91;29,62;23,21;30,77;28,11;31,85;34,90;28,08
03.02.2020;15,92;15,55;14,38;;9,32;13,26;14,03;27,06;36,49;39,97;39,26;35,52;32,97;29,08;28,38;28,73;28,29;33,02;37,95;37,99;36,57;31,00;27,16;27,13;24,76;9,32;39,97;27,86;13,79;22,71;36,93;28,62;36,38;27,51;27,66;33,98;13,74;18,25;32,78;21,34;35,70;31,49;32,00;30,77;30,50
02.02.2020;-4,97;-10,10;-16,95;;-11,70;-5,98;-5,21;-4,98;0,09;13,06;24,50;27,12;29,43;35,00;33,36;33,75;34,20;28,87;40,27;40,73;36,93;27,05;21,99;23,87;17,38;-16,95;40,73;16,35;-10,93;-4,02;23,53;34,08;36,70;22,57;16,99;31,44;-9,15;-7,48;28,80;2,54;8,17;31,23;34,27;27,99;32,14
01.02.2020;0,07;0,02;-0,70;;-1,94;-1,67;-2,40;0,04;8,52;14,10;14,70;14,74;14,47;14,07;14,45;13,18;11,11;13,07;16,79;16,97;15,99;0,42;-0,80;0,00;-11,16;-11,16;16,97;6,88;-0,64;1,12;14,50;13,20;15,71;-2,89;6,84;14,47;-1,10;0,24;13,85;-0,80;9,34;14,43;13,54;3,57;13,67
31.01.2020;-0,04;0,02;-8,77;;-3,89;0,01;13,04;24,01;36,96;39,59;37,39;34,90;35,27;27,97;28,84;29,00;30,07;28,10;33,78;37,05;32,58;25,10;21,24;20,29;17,09;-8,77;39,59;22,81;-3,17;18,51;36,79;28,97;32,88;20,93;22,48;32,88;0,06;7,67;32,88;12,09;34,49;31,75;30,24;25,56;31,01
30.01.2020;28,97;27,43;25,15;;20,24;19,91;24,96;29,70;39,46;40,40;37,28;35,90;35,15;36,69;39,79;37,53;35,51;37,85;44,12;43,04;41,10;31,13;29,04;27,30;20,04;19,91;44,12;32,95;25,45;28,51;37,18;37,38;41,53;26,88;32,82;38,70;24,44;26,98;37,28;26,94;36,71;36,88;38,75;31,94;36,76
29.01.2020;20,44;19,58;19,16;;19,61;20,46;25,16;29,03;41,12;44,41;41,85;40,82;36,86;31,34;32,40;34,24;37,92;39,02;42,89;45,01;45,10;40,98;33,02;29,63;27,33;19,16;45,10;33,56;19,70;28,94;40,99;33,98;43,01;32,74;33,22;39,32;20,74;24,32;37,48;27,13;39,10;35,36;38,52;36,85;35,60
28.01.2020;27,54;26,84;25,64;;24,99;25,17;26,32;31,76;41,94;44,94;44,33;42,90;39,93;33,98;30,00;28,00;27,91;29,68;39,83;39,98;30,62;25,80;25,42;25,04;20,08;20,08;44,94;32,01;26,25;31,30;43,03;29,97;35,03;24,09;31,61;36,01;26,08;28,78;36,50;27,21;40,74;36,70;31,36;27,82;33,79
27.01.2020;28,09;27,73;26,13;;23,40;21,98;26,17;28,83;42,20;41,56;40,29;42,71;39,95;38,02;40,72;43,93;45,22;43,17;47,08;51,21;47,12;43,86;40,60;36,61;33,14;21,98;51,21;37,97;26,34;29,80;41,13;41,97;47,15;38,55;37,49;43,42;25,58;28,07;41,55;31,56;38,22;40,35;44,85;42,09;41,76
26.01.2020;34,39;33,64;32,40;;29,84;29,33;29,04;30,02;29,49;31,17;34,61;38,92;41,16;41,86;38,23;36,03;34,56;35,81;39,99;42,00;35,47;31,27;27,53;29,09;27,50;27,50;42,00;33,97;32,57;29,47;36,47;37,67;38,32;28,85;33,89;37,48;31,44;31,02;37,07;30,30;31,32;40,04;36,60;32,14;38,46
25.01.2020;36,19;35,09;37,01;;35,14;33,11;33,01;34,12;37,10;42,42;44,97;45,96;44,89;43,67;41,14;39,61;41,51;43,53;46,25;49,99;45,84;43,01;38,25;40,57;36,02;33,01;49,99;40,41;35,86;34,34;44,56;41,48;46,40;39,46;40,35;44,15;34,93;35,10;43,02;36,55;39,65;43,92;42,73;42,28;42,80
24.01.2020;36,23;37,60;36,76;;35,10;36,47;36,66;44,54;58,29;66,74;65,00;61,12;58,84;56,61;53,29;52,00;53,06;54,01;60,79;65,10;59,79;49,17;44,32;43,70;40,67;35,10;66,74;50,92;36,42;43,99;62,93;53,74;59,92;44,47;50,24;58,86;36,47;40,21;58,33;41,63;58,64;57,47;54,97;50,46;55,82
23.01.2020;40,10;39,23;38,34;;36,32;36,60;41,97;47,00;58,74;66,62;64,86;61,68;57,42;55,36;53,68;51,20;53,54;54,75;62,35;68,64;60,40;55,53;47,16;43,90;41,51;36,32;68,64;52,15;38,50;46,08;62,65;53,45;61,54;47,03;51,54;59,21;38,76;42,29;58,05;43,87;59,31;57,04;55,46;52,86;55,48
22.01.2020;34,70;33,87;32,60;;32,42;32,64;33,00;39,12;49,26;56,53;50,50;46,27;45,02;42,82;43,45;49,96;52,40;55,63;62,07;65,09;59,58;52,52;47,01;43,99;41,20;32,42;65,09;46,25;33,40;38,51;49,58;47,16;60,59;46,18;45,90;52,44;33,21;35,95;48,37;39,36;48,85;44,39;55,02;51,57;46,65
21.01.2020;33,17;33,01;32,28;;32,42;32,90;33,00;37,98;49,77;52,36;48,07;42,10;39,11;37,29;38,10;42,60;47,71;49,97;55,81;55,29;50,70;43,75;40,42;37,52;33,01;32,28;55,81;42,00;32,72;38,41;45,41;41,43;52,94;38,68;41,60;46,59;32,80;35,57;43,42;36,60;47,05;39,15;49,02;43,45;41,15
20.01.2020;34,24;34,01;33,08;;32,10;31,50;34,23;45,63;55,97;60,00;57,01;50,63;48,17;43,96;43,02;43,11;44,95;46,00;55,91;57,05;54,02;48,68;41,51;40,00;34,03;31,50;60,00;44,94;33,36;41,83;53,95;43,76;53,25;41,06;44,53;50,32;33,19;37,60;48,86;38,75;54,65;46,45;47,49;45,88;45,64
19.01.2020;33,10;30,67;29,47;;28,79;27,71;27,26;27,82;30,01;31,47;35,20;35,20;34,47;33,36;29,90;29,92;30,86;33,07;42,98;44,24;43,89;41,14;36,74;40,00;36,15;27,26;44,24;34,06;30,51;28,20;34,09;31,01;41,05;38,51;33,89;35,38;29,50;29,35;32,55;32,41;31,13;33,23;34,21;40,36;32,29
18.01.2020;22,15;24,86;22,24;;25,36;25,39;25,96;22,99;28,46;28,10;37,73;35,21;33,34;29,20;31,55;34,78;35,09;37,27;41,30;43,04;41,91;38,59;35,13;33,48;31,22;22,15;43,04;31,84;23,65;25,70;33,60;32,66;40,88;34,61;31,85;35,71;24,33;24,68;33,13;27,99;29,32;32,33;37,11;37,23;33,20
17.01.2020;27,36;27,16;26,58;;25,71;26,01;27,97;31,09;40,20;43,80;42,94;42,34;40,79;41,04;39,94;39,02;43,01;42,80;45,79;46,00;44,66;40,99;33,90;33,38;33,00;25,71;46,00;37,14;26,70;31,32;42,47;40,75;44,81;35,32;36,90;42,68;26,80;29,01;41,61;31,11;39,51;41,03;42,66;38,66;41,02
16.01.2020;28,38;30,26;29,92;;29,39;29,64;31,10;39,04;45,42;52,40;47,00;43,51;42,10;40,36;41,16;42,91;46,00;46,45;44,61;43,15;38,86;33,42;30,80;31,56;28,64;28,38;52,40;38,94;29,49;36,30;46,25;42,61;43,27;31,11;38,17;44,04;29,78;32,89;44,43;32,30;45,97;41,78;44,99;34,41;42,67
15.01.2020;16,14;5,06;0,11;;1,77;7,13;17,86;25,18;35,52;36,56;33,33;25,34;24,98;25,05;25,12;25,24;30,17;29,98;36,49;35,46;35,28;33,65;29,57;33,59;30,46;0,11;36,56;25,37;5,77;21,42;30,05;26,40;34,30;31,82;24,96;30,25;8,01;13,60;28,22;19,67;32,65;25,12;30,47;33,00;25,98
14.01.2020;22,59;16,50;8,89;;1,52;1,58;14,13;25,23;27,13;28,55;27,68;27,42;27,43;27,68;29,56;32,00;32,74;30,38;38,00;30,32;26,94;25,74;23,82;22,30;12,40;1,52;38,00;23,85;12,38;17,02;27,77;30,50;31,41;21,07;23,36;29,89;10,87;14,70;29,13;16,82;27,15;28,02;33,28;23,59;29,47
13.01.2020;21,82;23,98;25,23;;24,85;25,01;27,32;38,40;48,64;52,93;49,89;48,89;47,20;47,00;45,95;45,00;45,96;43,68;46,81;45,27;42,55;31,90;26,68;25,96;23,40;21,82;52,93;37,91;23,97;34,84;49,73;45,98;44,58;26,99;37,68;46,76;24,70;29,41;47,85;28,60;47,47;47,26;45,36;32,63;46,67
12.01.2020;22,82;19,37;18,36;;18,34;18,16;18,66;17,39;18,22;22,10;23,93;24,23;24,84;24,45;22,46;20,05;21,48;24,71;26,50;26,68;26,16;25,62;25,53;27,10;26,14;17,39;27,10;22,66;19,72;18,11;23,78;22,11;26,01;26,10;22,64;23,97;19,29;18,92;22,94;21,31;20,41;24,00;23,19;26,21;22,92
11.01.2020;35,01;34,00;31,43;;29,14;28,86;28,43;29,22;31,22;35,68;40,00;38,01;37,90;36,08;32,96;31,10;32,25;32,55;40,56;34,46;30,01;25,74;23,73;25,24;20,96;20,96;40,56;31,68;32,40;29,43;37,90;33,10;34,40;23,92;31,86;35,13;31,15;30,91;35,50;28,58;34,03;36,24;34,12;26,69;34,72
10.01.2020;26,94;26,59;25,81;;25,89;26,20;26,95;28,95;43,29;47,40;40,63;36,26;32,05;28,64;28,45;28,23;29,56;36,43;45,00;46,73;45,94;45,02;41,29;39,90;33,04;25,81;47,40;35,08;26,31;31,35;39,09;28,72;43,53;39,81;34,80;37,11;26,40;28,83;33,90;32,49;40,07;31,35;34,81;41,99;30,53
09.01.2020;34,08;32,20;32,56;;32,35;29,00;30,86;38,95;46,86;47,92;45,68;43,61;40,00;37,06;33,45;32,20;31,86;32,59;42,85;41,73;40,31;32,96;30,72;31,02;29,14;29,00;47,92;36,43;32,80;36,42;44,30;33,64;39,37;30,96;36,25;39,11;31,84;34,61;38,97;33,39;44,85;38,53;34,88;34,31;36,36
08.01.2020;18,95;4,96;0,10;;0,11;1,75;20,74;25,57;32,47;33,07;33,05;34,18;39,63;41,35;44,83;46,04;46,33;47,90;51,21;55,92;53,69;48,10;44,92;41,67;39,41;0,10;55,92;33,59;6,03;20,13;34,98;44,64;52,18;43,53;33,58;43,93;7,77;13,08;39,81;23,23;31,04;40,00;47,87;47,29;42,06
07.01.2020;30,75;31,03;29,88;;29,00;29,65;31,78;40,87;49,01;51,09;51,12;49,83;49,16;48,43;47,99;47,41;45,87;45,90;47,96;48,11;43,63;33,60;32,93;31,29;26,28;26,28;51,12;41,07;30,17;37,83;50,30;47,43;46,40;31,03;40,52;48,04;30,35;34,00;48,86;33,01;48,02;48,85;46,79;35,97;48,12
06.01.2020;29,16;29,00;29,08;;27,72;27,03;28,98;33,18;43,13;44,52;44,96;44,00;42,46;41,30;40,51;41,22;43,28;43,68;47,90;48,91;45,04;40,28;33,89;33,58;32,41;27,03;48,91;38,74;28,74;33,08;43,99;41,58;46,38;35,04;38,13;43,98;28,50;30,91;42,78;32,29;41,45;42,07;44,02;39,02;42,13
05.01.2020;33,10;32,28;31,18;;30,10;29,96;29,88;30,38;31,15;32,09;34,27;37,53;38,99;38,15;35,37;34,44;36,10;40,59;44,68;46,16;44,62;39,50;35,76;36,49;30,49;29,88;46,16;35,77;31,67;30,34;35,72;36,02;44,01;35,56;35,55;38,58;31,08;31,00;35,87;32,52;31,97;37,51;38,95;38,84;36,76
04.01.2020;22,90;15,95;16,63;;6,45;3,83;0,12;0,07;19,07;17,49;23,98;8,80;17,95;19,50;13,74;17,42;20,38;25,08;28,88;32,02;35,35;29,98;34,46;39,75;37,95;0,07;39,75;19,73;15,48;5,77;17,06;17,76;30,33;35,54;20,32;21,72;10,98;10,63;17,41;18,93;15,15;15,00;22,94;34,92;16,30
03.01.2020;21,47;13,04;1,53;;0,14;0,85;9,92;24,48;26,68;28,81;29,28;28,85;31,80;37,94;37,90;38,11;37,91;38,44;40,47;41,35;33,37;28,89;27,70;25,70;22,04;0,14;41,35;26,24;9,05;15,48;29,69;37,97;38,41;26,08;26,11;35,35;7,83;12,26;33,83;16,87;27,31;34,12;38,73;29,84;35,42
02.01.2020;35,40;31,98;30,50;;28,79;28,42;28,75;34,16;42,07;44,89;45,26;45,57;45,09;45,16;44,90;44,06;44,84;44,40;46,05;46,72;45,26;39,32;34,06;32,22;24,99;24,99;46,72;39,27;31,67;33,35;45,20;44,74;45,61;32,65;38,87;45,18;30,64;32,51;44,97;32,56;41,60;45,18;44,84;37,10;44,94
01.01.2020;41,88;38,60;36,55;;32,32;30,85;30,14;30,17;30,00;30,65;30,65;30,27;30,34;30,99;30,04;30,75;32,11;35,98;40,40;44,05;43,15;43,45;40,68;40,27;34,85;30,00;44,05;34,79;37,34;30,29;30,48;30,97;40,90;39,81;34,96;34,12;35,06;33,81;30,73;35,81;30,37;30,41;34,81;41,08;30,75
